salaries,NPS Score,eventOutcome
44112.0,-7.0,1
46777.0,-12.0,2
50013.0,50.0,5
48983.0,-13.0,0
50751.0,-11.0,6
50534.0,-10.0,2
52537.0,-6.0,2
53768.0,76.0,5
50743.0,16.0,4
49253.0,8.0,6
48713.0,-18.0,3
48487.0,-3.0,3
51937.0,26.0,6
55841.0,31.0,5
51323.0,49.0,0
56312.0,-20.0,6
51149.0,43.0,2
51579.0,40.0,0
50375.0,4.0,7
50225.0,-26.0,2
39383.0,47.0,1
50257.0,51.0,7
50898.0,55.0,2
49014.0,9.0,7
50558.0,18.0,6
43531.0,-10.0,1
43959.0,4.0,1
52572.0,27.0,2
52883.0,35.0,7
56486.0,34.0,3
51530.0,-10.0,3
49957.0,3.0,2
47186.0,47.0,4
47734.0,15.0,7
48115.0,28.0,6
56611.0,35.0,1
49701.0,12.0,1
50347.0,20.0,1
49493.0,33.0,7
50176.0,-47.0,3
45821.0,34.0,2
38063.0,2.0,5
54384.0,20.0,3
46415.0,86.0,4
50786.0,-27.0,3
48568.0,69.0,1
46052.0,51.0,2
45587.0,19.0,0
51775.0,30.0,2
56004.0,-36.0,4
57548.0,26.0,7
44061.0,-14.0,3
49054.0,42.0,1
50503.0,45.0,7
45995.0,33.0,2
55116.0,3.0,0
52044.0,5.0,5
45051.0,29.0,3
52317.0,64.0,3
48217.0,-2.0,4
57146.0,-2.0,6
50057.0,64.0,0
47492.0,-16.0,7
48758.0,55.0,0
59560.0,14.0,0
55498.0,66.0,3
50262.0,16.0,2
51288.0,30.0,3
44994.0,13.0,1
42815.0,-62.0,2
44849.0,23.0,2
52986.0,3.0,6
48130.0,49.0,5
52860.0,-18.0,5
53724.0,85.0,7
52716.0,-35.0,5
47287.0,38.0,6
50439.0,-9.0,4
48874.0,44.0,7
47452.0,-2.0,6
54727.0,20.0,4
54620.0,12.0,0
45068.0,7.0,6
50200.0,27.0,2
52612.0,-4.0,2
51002.0,81.0,0
52140.0,-1.0,6
51741.0,11.0,0
49772.0,10.0,0
41458.0,65.0,7
49563.0,26.0,3
46408.0,-17.0,3
54097.0,5.0,3
52487.0,24.0,2
58710.0,-6.0,2
48810.0,6.0,7
50131.0,-30.0,1
50505.0,38.0,5
49685.0,-33.0,4
51292.0,41.0,7
55246.0,76.0,2
46205.0,39.0,3
52257.0,-3.0,6
51801.0,25.0,7
50595.0,45.0,2
46888.0,-29.0,0
49462.0,42.0,0
40854.0,27.0,4
47475.0,18.0,2
51599.0,-35.0,0
48783.0,47.0,6
52743.0,48.0,4
49019.0,25.0,4
44442.0,29.0,2
46435.0,-11.0,4
46498.0,22.0,1
52412.0,1.0,0
48602.0,18.0,4
47914.0,31.0,7
57637.0,0.0,6
55725.0,48.0,7
52975.0,5.0,4
52740.0,17.0,4
49585.0,25.0,0
50785.0,-4.0,6
49400.0,46.0,1
50948.0,17.0,7
47310.0,46.0,1
48793.0,10.0,7
49511.0,73.0,3
53482.0,12.0,1
47740.0,64.0,3
44858.0,5.0,1
48966.0,31.0,1
47776.0,22.0,1
49711.0,14.0,6
48605.0,-3.0,1
51553.0,19.0,2
55483.0,43.0,0
46328.0,-5.0,7
48275.0,23.0,6
49940.0,6.0,6
44419.0,16.0,7
49966.0,56.0,0
45836.0,-41.0,1
57949.0,7.0,6
57557.0,-51.0,3
47175.0,69.0,4
50917.0,-14.0,3
49403.0,-6.0,4
48490.0,1.0,2
48872.0,25.0,1
59815.0,26.0,3
52204.0,67.0,6
53791.0,-2.0,6
53006.0,47.0,0
52642.0,40.0,2
55022.0,32.0,0
49846.0,74.0,3
46704.0,47.0,0
51225.0,59.0,7
55057.0,17.0,1
46318.0,41.0,0
49362.0,-34.0,0
49991.0,29.0,7
44629.0,23.0,1
53779.0,2.0,1
50834.0,47.0,1
48645.0,11.0,7
51366.0,30.0,6
54884.0,91.0,4
51279.0,59.0,3
54635.0,54.0,6
55572.0,-13.0,3
55743.0,-38.0,3
54199.0,45.0,6
58092.0,-20.0,1
50019.0,-46.0,6
51356.0,-4.0,5
46213.0,-40.0,7
47879.0,13.0,5
43587.0,-5.0,4
51985.0,18.0,7
50969.0,19.0,4
51060.0,55.0,1
54587.0,-6.0,6
50351.0,77.0,0
49547.0,-2.0,0
44455.0,17.0,5
55343.0,5.0,0
43925.0,45.0,3
52354.0,62.0,6
43318.0,7.0,1
46573.0,12.0,3
46447.0,27.0,5
47001.0,-26.0,5
54034.0,19.0,7
47633.0,41.0,7
51262.0,32.0,1
51446.0,32.0,5
48031.0,53.0,6
42363.0,-3.0,3
48807.0,29.0,6
48438.0,27.0,6
54437.0,-4.0,7
52298.0,34.0,6
44795.0,10.0,3
46546.0,22.0,2
48074.0,10.0,4
50616.0,27.0,5
54612.0,36.0,7
44062.0,69.0,2
51895.0,60.0,3
49655.0,32.0,4
50411.0,-23.0,6
47001.0,-1.0,1
55277.0,36.0,3
56134.0,-48.0,2
52782.0,-37.0,1
49294.0,40.0,0
47602.0,-15.0,5
47393.0,63.0,1
50852.0,4.0,2
51242.0,-22.0,2
48363.0,41.0,3
52788.0,34.0,4
50536.0,43.0,0
50655.0,1.0,7
52222.0,-11.0,4
53940.0,-5.0,7
48733.0,27.0,1
42921.0,-6.0,3
48265.0,-13.0,2
52933.0,56.0,6
51436.0,54.0,5
51462.0,46.0,1
44477.0,28.0,3
45792.0,-8.0,1
52591.0,27.0,7
57582.0,64.0,2
53788.0,-1.0,1
43911.0,-24.0,6
45400.0,-43.0,2
46803.0,49.0,0
49461.0,32.0,2
50266.0,-29.0,2
50707.0,38.0,7
51087.0,-4.0,6
58723.0,-1.0,3
55043.0,44.0,4
49715.0,15.0,6
54208.0,-6.0,4
53213.0,-12.0,5
57029.0,31.0,4
51951.0,46.0,1
47378.0,42.0,0
49032.0,-20.0,1
44216.0,17.0,5
46881.0,12.0,1
56110.0,-37.0,6
50467.0,19.0,5
45420.0,-35.0,2
48276.0,11.0,5
44699.0,22.0,7
50048.0,10.0,7
48608.0,25.0,1
46158.0,11.0,5
52316.0,-24.0,4
50274.0,25.0,3
41995.0,-3.0,7
48317.0,-3.0,1
53141.0,30.0,5
44170.0,19.0,3
47237.0,13.0,5
42584.0,-39.0,5
50146.0,4.0,6
49260.0,42.0,3
53530.0,48.0,7
44604.0,-14.0,0
47543.0,-2.0,0
51832.0,41.0,7
44319.0,20.0,6
50468.0,31.0,5
53465.0,33.0,4
52848.0,21.0,0
40886.0,43.0,5
38988.0,41.0,7
53422.0,2.0,4
49673.0,34.0,7
49802.0,27.0,4
48806.0,54.0,5
40837.0,32.0,5
47108.0,18.0,2
53272.0,-11.0,7
55339.0,81.0,1
51504.0,28.0,2
50102.0,19.0,2
54518.0,64.0,5
45543.0,54.0,7
49267.0,36.0,6
48342.0,-50.0,0
50746.0,56.0,0
44463.0,-22.0,2
40844.0,44.0,4
52149.0,23.0,4
51069.0,79.0,4
49468.0,11.0,7
49733.0,-25.0,7
49736.0,-7.0,2
51438.0,33.0,1
54864.0,27.0,0
49361.0,31.0,6
50693.0,11.0,2
50584.0,49.0,4
43821.0,-12.0,4
45878.0,84.0,0
52925.0,35.0,4
51721.0,-2.0,6
45522.0,38.0,4
54237.0,13.0,1
49512.0,2.0,7
46883.0,19.0,7
49146.0,58.0,1
51446.0,-14.0,7
48091.0,19.0,3
51977.0,18.0,4
42064.0,69.0,0
52878.0,62.0,2
48609.0,47.0,4
47393.0,-24.0,2
45598.0,-3.0,7
43845.0,120.0,0
54712.0,36.0,6
50225.0,-35.0,5
43782.0,4.0,0
46683.0,21.0,0
45179.0,21.0,4
58617.0,51.0,4
41442.0,1.0,0
54048.0,40.0,1
51629.0,4.0,4
54749.0,67.0,6
51401.0,38.0,3
48139.0,-14.0,7
45107.0,-7.0,5
49740.0,-4.0,1
47320.0,-51.0,6
51863.0,-6.0,1
58651.0,44.0,4
45361.0,11.0,0
47881.0,-24.0,1
54329.0,-24.0,4
51639.0,84.0,6
48311.0,-1.0,7
48796.0,19.0,1
46377.0,-34.0,7
47978.0,6.0,4
50020.0,26.0,6
53643.0,-15.0,4
56796.0,-39.0,3
46605.0,33.0,3
57587.0,45.0,6
52348.0,30.0,4
53645.0,13.0,5
46991.0,20.0,2
60903.0,-63.0,6
53266.0,0.0,7
48422.0,22.0,4
50126.0,51.0,3
51752.0,-31.0,7
47653.0,0.0,5
54931.0,51.0,0
48329.0,10.0,4
54212.0,-40.0,2
52609.0,65.0,4
52752.0,46.0,7
45190.0,2.0,4
60593.0,44.0,4
51109.0,5.0,2
49183.0,64.0,0
48932.0,58.0,7
52887.0,74.0,1
45831.0,-27.0,2
47593.0,10.0,6
47717.0,81.0,3
48315.0,22.0,1
49928.0,44.0,6
42972.0,32.0,6
49709.0,38.0,0
52244.0,18.0,1
50044.0,-9.0,4
55921.0,-20.0,0
46840.0,24.0,1
44528.0,24.0,1
54562.0,31.0,6
45482.0,-8.0,1
47758.0,59.0,7
52211.0,-8.0,7
50304.0,27.0,1
39976.0,-20.0,7
52723.0,15.0,7
48060.0,21.0,7
45343.0,44.0,3
53781.0,14.0,4
44741.0,51.0,7
47414.0,29.0,7
52652.0,-4.0,5
50102.0,-5.0,4
41233.0,46.0,7
51138.0,-6.0,3
48825.0,8.0,6
40979.0,36.0,4
46579.0,-4.0,7
53543.0,36.0,5
53698.0,26.0,3
40349.0,-14.0,5
50152.0,-18.0,0
54355.0,-8.0,6
47301.0,48.0,2
44694.0,13.0,4
50213.0,14.0,4
48981.0,34.0,5
47694.0,25.0,4
51517.0,22.0,5
47066.0,2.0,5
47440.0,8.0,5
50253.0,36.0,4
47631.0,61.0,2
57271.0,80.0,0
50089.0,-28.0,6
51813.0,59.0,1
52057.0,46.0,5
51043.0,26.0,5
51351.0,9.0,1
47204.0,86.0,7
53558.0,1.0,5
50853.0,-14.0,5
54942.0,29.0,3
50088.0,11.0,5
53670.0,34.0,2
53975.0,21.0,2
48695.0,74.0,6
50087.0,-10.0,6
54569.0,-14.0,1
55425.0,76.0,3
39961.0,14.0,4
52595.0,-7.0,3
44924.0,16.0,6
56320.0,-29.0,7
49000.0,31.0,1
50131.0,-10.0,0
43232.0,22.0,1
53158.0,19.0,0
46996.0,54.0,6
40521.0,13.0,4
46798.0,41.0,4
49621.0,-31.0,1
45951.0,33.0,1
51018.0,17.0,0
52368.0,41.0,2
47362.0,28.0,0
51244.0,63.0,4
49158.0,9.0,0
51270.0,9.0,2
51081.0,-4.0,0
53050.0,39.0,4
55224.0,31.0,3
53777.0,66.0,4
47892.0,14.0,5
53222.0,60.0,2
42353.0,36.0,7
43912.0,59.0,2
47913.0,32.0,3
50854.0,1.0,7
52523.0,27.0,3
46422.0,50.0,4
52928.0,33.0,5
50373.0,81.0,4
52449.0,71.0,2
53490.0,95.0,2
48797.0,17.0,3
54618.0,-7.0,4
44488.0,37.0,5
51915.0,-6.0,6
45527.0,69.0,6
47588.0,32.0,1
46623.0,-11.0,4
47042.0,9.0,4
53161.0,-14.0,1
41892.0,38.0,6
46069.0,51.0,5
60313.0,-9.0,0
49048.0,23.0,4
50760.0,17.0,2
46721.0,83.0,1
49851.0,-29.0,0
50142.0,54.0,5
50048.0,48.0,2
50305.0,25.0,0
51822.0,23.0,5
42884.0,-35.0,3
54936.0,57.0,1
47754.0,38.0,1
46998.0,35.0,3
52988.0,21.0,2
44165.0,56.0,3
49395.0,16.0,1
47165.0,32.0,6
48874.0,-8.0,5
50726.0,-14.0,6
49348.0,-11.0,0
56708.0,8.0,0
47292.0,41.0,3
48164.0,-14.0,6
49288.0,39.0,7
50830.0,60.0,2
55317.0,18.0,2
49397.0,1.0,2
48153.0,-2.0,3
45952.0,12.0,5
49092.0,-5.0,5
49875.0,24.0,7
52165.0,7.0,7
51426.0,10.0,2
45948.0,25.0,7
53483.0,4.0,3
47496.0,-23.0,6
48415.0,25.0,4
50789.0,9.0,0
42598.0,22.0,0
60190.0,44.0,0
52112.0,-3.0,3
48832.0,59.0,7
49583.0,-2.0,1
50976.0,79.0,7
47241.0,-34.0,6
58234.0,10.0,0
53681.0,-9.0,3
48108.0,-19.0,4
51995.0,34.0,7
49681.0,20.0,7
47027.0,32.0,4
49091.0,22.0,0
44749.0,-53.0,2
49002.0,-1.0,4
52608.0,-18.0,5
54407.0,59.0,1
56717.0,32.0,7
46475.0,27.0,2
49903.0,31.0,4
52297.0,38.0,6
52585.0,3.0,6
54442.0,71.0,6
52076.0,29.0,1
37494.0,72.0,5
54291.0,-21.0,3
52695.0,56.0,1
51580.0,-18.0,5
52994.0,-14.0,2
48614.0,-22.0,4
54570.0,32.0,3
53550.0,86.0,1
50306.0,11.0,6
48421.0,7.0,3
49196.0,5.0,4
57447.0,8.0,0
44794.0,55.0,7
50155.0,15.0,2
45093.0,20.0,3
52226.0,-5.0,3
41061.0,30.0,5
46904.0,52.0,0
43935.0,-12.0,1
55174.0,24.0,4
50265.0,9.0,7
54739.0,56.0,5
44102.0,30.0,4
57748.0,30.0,3
52434.0,68.0,0
50648.0,-7.0,6
45707.0,-23.0,0
48953.0,50.0,4
51865.0,51.0,3
49753.0,-50.0,4
55561.0,9.0,6
59501.0,-22.0,0
58139.0,25.0,4
49463.0,-14.0,3
46468.0,50.0,4
46895.0,-7.0,2
47199.0,25.0,3
51083.0,19.0,5
44730.0,64.0,4
52357.0,15.0,0
43408.0,57.0,6
52705.0,40.0,7
47639.0,18.0,2
52265.0,1.0,0
57964.0,51.0,2
42920.0,19.0,0
48214.0,18.0,0
51086.0,25.0,3
50928.0,-7.0,6
50768.0,30.0,3
53616.0,-0.0,4
53120.0,37.0,2
47491.0,25.0,2
51729.0,38.0,3
48108.0,13.0,5
51358.0,36.0,7
58531.0,0.0,6
51988.0,-17.0,2
50855.0,-5.0,2
51753.0,21.0,7
47266.0,32.0,6
52818.0,30.0,5
44440.0,-0.0,7
46375.0,36.0,5
48299.0,14.0,4
50170.0,0.0,1
47003.0,-10.0,5
50186.0,61.0,0
50130.0,33.0,6
49433.0,7.0,0
55819.0,6.0,0
46669.0,50.0,1
44490.0,54.0,5
49821.0,18.0,3
44325.0,3.0,6
53724.0,-23.0,3
52677.0,72.0,2
47076.0,10.0,0
60094.0,0.0,5
47379.0,83.0,5
48316.0,34.0,2
50532.0,-17.0,2
52013.0,16.0,4
47135.0,36.0,0
44762.0,1.0,7
50468.0,25.0,5
37441.0,32.0,2
49092.0,34.0,1
44482.0,17.0,3
42082.0,25.0,0
46885.0,-14.0,3
50726.0,26.0,5
52714.0,14.0,5
51315.0,18.0,7
47968.0,65.0,0
54051.0,40.0,4
45686.0,0.0,4
46730.0,-1.0,5
48145.0,55.0,7
48471.0,10.0,4
53214.0,54.0,4
51579.0,28.0,1
51063.0,26.0,5
51770.0,-27.0,2
41335.0,25.0,5
50531.0,-2.0,0
46470.0,-15.0,7
54111.0,46.0,0
49630.0,65.0,7
48373.0,41.0,3
47534.0,11.0,1
46425.0,8.0,3
55381.0,45.0,5
49015.0,25.0,4
49328.0,51.0,3
52729.0,16.0,5
45404.0,-24.0,4
48236.0,-10.0,3
42084.0,47.0,4
48021.0,-2.0,6
46231.0,24.0,1
47153.0,29.0,7
43488.0,1.0,5
50729.0,2.0,6
50863.0,31.0,7
50960.0,68.0,3
46148.0,49.0,2
46338.0,-44.0,0
51570.0,66.0,3
52348.0,-22.0,0
58294.0,56.0,6
43671.0,22.0,2
55273.0,55.0,0
41504.0,21.0,7
51866.0,12.0,4
59524.0,6.0,4
41479.0,8.0,5
45263.0,1.0,1
46900.0,4.0,7
47387.0,81.0,0
45438.0,8.0,2
53799.0,64.0,7
53245.0,-0.0,5
57210.0,10.0,4
48992.0,-15.0,4
49608.0,-20.0,6
53716.0,6.0,3
47028.0,-10.0,7
46710.0,-3.0,1
51771.0,6.0,6
54213.0,15.0,0
50404.0,28.0,3
50893.0,58.0,4
47686.0,15.0,2
46969.0,31.0,7
46440.0,42.0,5
49651.0,65.0,7
47664.0,-16.0,3
42997.0,3.0,2
47794.0,-26.0,7
48005.0,-19.0,4
46156.0,-19.0,1
47400.0,10.0,3
50676.0,45.0,7
49933.0,68.0,7
43955.0,48.0,2
50816.0,32.0,6
47417.0,50.0,1
47845.0,46.0,4
46583.0,36.0,3
53191.0,12.0,6
45580.0,18.0,2
53356.0,48.0,2
48281.0,29.0,6
51313.0,40.0,1
47767.0,20.0,0
51850.0,55.0,1
53347.0,-29.0,2
46530.0,2.0,4
43595.0,15.0,5
51688.0,50.0,3
57541.0,41.0,3
49391.0,63.0,3
47243.0,57.0,0
53347.0,22.0,4
59304.0,59.0,4
47300.0,25.0,2
49456.0,31.0,5
48643.0,-1.0,1
46192.0,57.0,6
51311.0,39.0,7
54254.0,20.0,6
39935.0,11.0,2
52550.0,12.0,4
54538.0,3.0,6
49161.0,61.0,7
51999.0,65.0,5
46879.0,36.0,6
52669.0,39.0,4
45840.0,-7.0,0
46012.0,24.0,7
54579.0,8.0,3
42925.0,23.0,3
53568.0,8.0,4
47451.0,21.0,6
56464.0,10.0,5
57155.0,13.0,2
58214.0,-23.0,5
46658.0,55.0,7
51300.0,62.0,7
54122.0,29.0,7
52555.0,43.0,0
48374.0,-12.0,5
39424.0,25.0,3
52465.0,73.0,6
54282.0,47.0,1
55106.0,95.0,2
53937.0,55.0,7
54111.0,30.0,0
46648.0,-19.0,2
51382.0,0.0,1
43914.0,-18.0,2
53952.0,89.0,0
46486.0,-6.0,0
48359.0,104.0,2
47214.0,40.0,0
50218.0,36.0,7
40219.0,-10.0,4
50531.0,-48.0,5
56966.0,28.0,1
39788.0,5.0,2
51979.0,8.0,2
46112.0,-15.0,2
43618.0,52.0,6
57367.0,58.0,3
50586.0,27.0,6
51300.0,40.0,5
48788.0,-9.0,3
41398.0,-6.0,1
50430.0,63.0,2
45313.0,6.0,5
49180.0,36.0,7
49413.0,-5.0,3
47424.0,54.0,0
52848.0,105.0,6
50649.0,12.0,7
46864.0,-11.0,7
51292.0,42.0,0
51515.0,42.0,2
54086.0,50.0,5
43827.0,-6.0,6
52239.0,78.0,4
47313.0,1.0,4
52875.0,-27.0,5
45776.0,67.0,3
42474.0,52.0,6
52675.0,40.0,1
50484.0,9.0,3
50515.0,53.0,7
49257.0,-5.0,6
49781.0,53.0,7
51365.0,47.0,5
47335.0,71.0,4
49952.0,22.0,7
49156.0,-27.0,2
42808.0,37.0,3
55674.0,5.0,1
45128.0,12.0,0
54561.0,-19.0,6
42407.0,-3.0,5
44799.0,22.0,1
42512.0,70.0,5
47732.0,-1.0,4
52912.0,33.0,6
47813.0,-51.0,7
47345.0,-60.0,1
47191.0,59.0,4
50171.0,6.0,7
48875.0,-37.0,1
51235.0,31.0,4
43452.0,48.0,6
43661.0,91.0,5
51214.0,-8.0,4
48718.0,2.0,1
46616.0,3.0,3
40369.0,66.0,5
47256.0,20.0,7
53111.0,-21.0,2
57182.0,40.0,6
43211.0,37.0,5
47650.0,43.0,2
47246.0,49.0,6
47712.0,40.0,5
54490.0,57.0,6
54122.0,68.0,1
52341.0,46.0,0
45613.0,-20.0,7
49076.0,-6.0,5
46492.0,-11.0,4
56435.0,27.0,4
50169.0,-11.0,6
49707.0,28.0,4
54544.0,34.0,4
46967.0,-38.0,6
48711.0,-21.0,6
47391.0,-11.0,1
51797.0,11.0,7
43247.0,2.0,6
47123.0,-31.0,0
50145.0,-27.0,1
52313.0,58.0,4
53899.0,1.0,6
46231.0,30.0,5
50905.0,7.0,5
47704.0,72.0,5
55738.0,70.0,1
47980.0,11.0,1
53118.0,26.0,4
48549.0,30.0,2
41361.0,51.0,2
50437.0,25.0,3
53201.0,57.0,3
43295.0,27.0,1
56321.0,-27.0,3
43030.0,61.0,2
49765.0,-28.0,3
53500.0,15.0,1
53212.0,-6.0,0
52189.0,46.0,1
48044.0,32.0,1
59103.0,4.0,5
44369.0,1.0,6
44142.0,33.0,5
58540.0,71.0,1
48379.0,13.0,3
53684.0,50.0,7
47830.0,-22.0,7
52535.0,-11.0,6
48185.0,18.0,3
50846.0,-27.0,5
52375.0,35.0,6
50459.0,-8.0,7
48938.0,16.0,1
52459.0,41.0,4
51228.0,69.0,6
57850.0,-52.0,4
46437.0,30.0,5
46352.0,-16.0,2
46494.0,44.0,7
54791.0,43.0,1
48813.0,-16.0,1
44801.0,37.0,3
54285.0,17.0,3
45175.0,4.0,6
55356.0,11.0,3
52865.0,8.0,2
47629.0,41.0,4
57456.0,-4.0,1
52951.0,13.0,3
47967.0,28.0,7
51746.0,62.0,7
37302.0,81.0,1
49343.0,88.0,3
45063.0,34.0,4
43806.0,52.0,7
55732.0,38.0,5
53588.0,21.0,4
52543.0,33.0,7
46437.0,-17.0,7
52040.0,57.0,7
51615.0,18.0,5
49404.0,30.0,3
49439.0,23.0,2
52320.0,22.0,3
49705.0,-2.0,6
50991.0,-0.0,4
42506.0,26.0,0
45017.0,32.0,2
51833.0,24.0,0
48001.0,11.0,0
46873.0,36.0,5
53608.0,-11.0,2
48057.0,13.0,2
52968.0,-2.0,4
47822.0,-3.0,1
47228.0,35.0,1
50448.0,24.0,3
47071.0,72.0,4
49267.0,-14.0,3
56555.0,4.0,0
54112.0,-37.0,2
52835.0,30.0,7
48480.0,80.0,7
46722.0,-2.0,3
52980.0,28.0,7
49568.0,48.0,2
54157.0,6.0,1
41976.0,23.0,4
47881.0,45.0,7
44641.0,49.0,7
49669.0,-18.0,5
51381.0,-10.0,7
48491.0,22.0,5
50613.0,38.0,2
47771.0,37.0,0
50934.0,-7.0,7
50636.0,9.0,6
46044.0,30.0,1
40791.0,18.0,4
51257.0,17.0,3
45060.0,33.0,1
56097.0,-29.0,2
44119.0,6.0,0
47459.0,49.0,6
48294.0,27.0,5
54965.0,10.0,1
48135.0,39.0,7
55108.0,49.0,3
45690.0,-18.0,4
52709.0,1.0,5
56411.0,78.0,6
47730.0,-7.0,5
49594.0,65.0,1
40256.0,7.0,3
47933.0,-6.0,6
47619.0,-27.0,2
52031.0,5.0,7
46786.0,54.0,3
50380.0,-38.0,0
49633.0,28.0,5
53136.0,-2.0,4
50402.0,-27.0,1
42513.0,8.0,0
44375.0,-27.0,7
48842.0,19.0,7
53460.0,-21.0,3
54414.0,24.0,7
50653.0,14.0,4
51898.0,-19.0,5
47355.0,49.0,7
53208.0,-27.0,1
44247.0,-24.0,4
54937.0,3.0,3
51676.0,-9.0,6
50955.0,48.0,1
50884.0,77.0,6
44674.0,10.0,5
50666.0,-17.0,4
46866.0,63.0,7
54544.0,24.0,3
48322.0,5.0,7
52386.0,6.0,6
54047.0,36.0,2
55255.0,5.0,6
49613.0,23.0,3
54295.0,61.0,5
57344.0,66.0,5
47238.0,-15.0,3
54256.0,22.0,7
49352.0,40.0,5
46607.0,15.0,2
51306.0,31.0,6
53399.0,25.0,4
50497.0,32.0,6
50050.0,40.0,0
49454.0,13.0,4
50116.0,23.0,6
57893.0,64.0,6
47788.0,-3.0,7
59177.0,8.0,5
49744.0,11.0,6
46699.0,49.0,6
52040.0,27.0,2
56216.0,6.0,5
47499.0,31.0,5
55144.0,48.0,7
50960.0,74.0,2
49277.0,45.0,2
54040.0,33.0,1
47994.0,-40.0,3
47645.0,3.0,4
54193.0,43.0,1
52630.0,-3.0,0
45595.0,-14.0,3
48304.0,42.0,1
49374.0,8.0,2
58952.0,46.0,2
46889.0,32.0,7
53674.0,-2.0,6
54124.0,55.0,5
48519.0,-2.0,2
47088.0,-10.0,6
54357.0,46.0,0
52059.0,25.0,5
47423.0,17.0,6
41940.0,-28.0,2
52188.0,-9.0,0
50747.0,35.0,7
53567.0,-7.0,0
55602.0,18.0,7
47023.0,-2.0,0
53406.0,8.0,6
56937.0,-4.0,7
45419.0,13.0,2
48672.0,51.0,7
51152.0,-14.0,1
53499.0,23.0,5
54067.0,8.0,5
49811.0,90.0,2
53464.0,41.0,0
44970.0,57.0,2
52327.0,-26.0,5
45173.0,14.0,5
53650.0,70.0,0
43904.0,29.0,2
49797.0,13.0,0
54651.0,50.0,6
45039.0,2.0,4
50008.0,46.0,3
47588.0,-18.0,5
51447.0,11.0,0
56307.0,23.0,5
50661.0,27.0,4
50049.0,8.0,2
48633.0,33.0,6
45646.0,29.0,4
53136.0,45.0,2
50169.0,3.0,0
51226.0,4.0,3
50061.0,34.0,4
47079.0,40.0,1
53226.0,-38.0,3
50875.0,-22.0,5
51624.0,-9.0,6
47759.0,41.0,1
45793.0,4.0,7
48143.0,-33.0,1
49583.0,16.0,4
58764.0,-4.0,1
45314.0,-0.0,6
52354.0,9.0,5
46366.0,-4.0,7
51155.0,-30.0,5
52153.0,56.0,2
50771.0,-8.0,4
53518.0,32.0,1
46849.0,61.0,7
49963.0,32.0,3
46151.0,5.0,1
52644.0,44.0,0
60065.0,19.0,3
45714.0,34.0,7
55826.0,37.0,6
57870.0,60.0,7
42575.0,40.0,1
46661.0,31.0,4
50298.0,56.0,0
57225.0,16.0,7
49721.0,51.0,0
37284.0,45.0,1
44404.0,21.0,2
55974.0,28.0,4
48705.0,55.0,7
51569.0,-5.0,7
45923.0,39.0,7
51534.0,35.0,6
49503.0,25.0,4
60604.0,53.0,5
56185.0,33.0,7
49287.0,49.0,3
40866.0,7.0,3
53892.0,37.0,5
55749.0,49.0,3
52387.0,21.0,7
48647.0,-1.0,3
50399.0,31.0,2
45623.0,2.0,2
46863.0,50.0,1
55270.0,46.0,0
47780.0,32.0,1
52489.0,68.0,3
44967.0,39.0,6
55487.0,5.0,7
50166.0,74.0,7
43812.0,-12.0,3
49893.0,-3.0,7
49689.0,12.0,4
56531.0,5.0,2
45602.0,-8.0,5
52759.0,43.0,1
42490.0,49.0,2
48992.0,25.0,7
56678.0,66.0,7
51979.0,16.0,7
49526.0,50.0,0
50339.0,1.0,0
47617.0,28.0,1
49092.0,25.0,0
48658.0,47.0,0
45208.0,1.0,3
50564.0,12.0,2
48407.0,-8.0,4
53395.0,-0.0,0
46532.0,19.0,4
45795.0,-18.0,1
45503.0,28.0,5
52100.0,68.0,2
48829.0,15.0,3
46123.0,45.0,0
49748.0,0.0,2
46490.0,17.0,5
47081.0,33.0,2
46776.0,24.0,5
50306.0,57.0,0
50124.0,7.0,5
48779.0,-31.0,2
53247.0,17.0,3
47308.0,74.0,7
52755.0,12.0,2
40681.0,40.0,4
53841.0,54.0,1
49630.0,29.0,2
51466.0,51.0,5
48674.0,15.0,3
48533.0,56.0,3
48873.0,26.0,5
49707.0,9.0,3
47894.0,35.0,1
45133.0,15.0,4
54405.0,-9.0,4
41084.0,40.0,2
54063.0,58.0,7
52417.0,-17.0,7
48296.0,-20.0,2
54210.0,52.0,1
53222.0,26.0,5
47644.0,-25.0,2
50910.0,-45.0,5
50274.0,13.0,7
52133.0,3.0,0
47991.0,11.0,3
48666.0,18.0,7
44163.0,23.0,6
39514.0,59.0,5
50400.0,75.0,7
56603.0,28.0,5
52951.0,34.0,3
54632.0,54.0,6
52609.0,-0.0,7
52289.0,8.0,5
53200.0,33.0,5
48123.0,32.0,7
53133.0,41.0,0
53038.0,19.0,7
55980.0,17.0,3
46091.0,12.0,0
50512.0,96.0,6
42501.0,51.0,6
47245.0,63.0,5
47282.0,60.0,4
49034.0,-72.0,2
51245.0,10.0,2
54970.0,39.0,4
56302.0,43.0,7
51683.0,-4.0,4
47177.0,62.0,7
45422.0,34.0,3
40968.0,24.0,0
50880.0,-38.0,7
51003.0,20.0,0
51502.0,40.0,3
51145.0,32.0,4
47561.0,51.0,5
45527.0,37.0,3
48344.0,51.0,2
56934.0,24.0,6
51425.0,10.0,2
44625.0,58.0,4
50798.0,21.0,1
48824.0,-2.0,1
58606.0,16.0,7
53658.0,-18.0,5
46238.0,73.0,6
49289.0,14.0,0
46125.0,33.0,0
49240.0,82.0,4
48012.0,38.0,0
47596.0,-16.0,5
50862.0,11.0,2
52353.0,-4.0,4
44521.0,93.0,6
51803.0,47.0,3
39947.0,-70.0,6
52272.0,21.0,4
47088.0,68.0,3
45716.0,42.0,4
42326.0,39.0,6
54160.0,24.0,5
47112.0,30.0,2
46487.0,7.0,7
46586.0,19.0,2
55902.0,19.0,3
52552.0,45.0,6
47646.0,56.0,2
44439.0,55.0,6
45210.0,-26.0,6
47223.0,-7.0,6
46170.0,90.0,7
46747.0,27.0,6
47117.0,27.0,3
48711.0,22.0,7
45268.0,1.0,7
48199.0,-0.0,2
51791.0,30.0,5
48613.0,37.0,5
49779.0,13.0,4
50557.0,91.0,6
55843.0,23.0,4
52577.0,21.0,6
51717.0,-1.0,4
58011.0,58.0,3
49317.0,-9.0,7
44538.0,20.0,1
42460.0,-44.0,6
49343.0,20.0,7
50422.0,18.0,2
50976.0,-12.0,5
47559.0,47.0,1
49935.0,4.0,6
46534.0,33.0,6
45636.0,-8.0,2
48401.0,6.0,0
51049.0,3.0,1
53818.0,-46.0,5
52839.0,94.0,7
48089.0,16.0,6
47586.0,40.0,0
50720.0,20.0,6
45649.0,-2.0,6
45781.0,-36.0,5
56128.0,1.0,0
50847.0,26.0,7
48809.0,17.0,6
52538.0,-15.0,6
51178.0,32.0,0
47322.0,35.0,0
58870.0,-27.0,3
57462.0,0.0,7
42677.0,59.0,7
41667.0,-47.0,2
51654.0,40.0,6
52811.0,31.0,7
41348.0,67.0,6
46893.0,5.0,4
49190.0,-12.0,4
47356.0,27.0,2
50003.0,44.0,5
44676.0,18.0,1
41824.0,-8.0,0
46560.0,22.0,4
53637.0,42.0,5
49382.0,13.0,1
43771.0,-8.0,4
48535.0,15.0,5
52983.0,-19.0,7
52656.0,22.0,3
43888.0,1.0,3
42751.0,-16.0,4
44480.0,-6.0,3
49655.0,64.0,6
46451.0,38.0,7
52818.0,10.0,6
49642.0,-2.0,2
42985.0,15.0,6
52633.0,-6.0,4
46167.0,57.0,0
48995.0,26.0,6
54057.0,5.0,7
52904.0,-15.0,5
53198.0,6.0,6
50737.0,-36.0,6
47460.0,-13.0,3
56481.0,52.0,1
41941.0,9.0,1
51192.0,72.0,4
49423.0,-11.0,1
48162.0,84.0,4
50026.0,53.0,0
49211.0,66.0,5
56786.0,-24.0,6
40681.0,-12.0,1
42984.0,43.0,2
46043.0,-20.0,6
53091.0,-35.0,6
49021.0,21.0,7
45003.0,41.0,7
42736.0,-1.0,5
49456.0,33.0,5
48218.0,6.0,4
49061.0,-38.0,1
52494.0,-8.0,2
49206.0,-6.0,4
54375.0,55.0,2
47335.0,-2.0,4
50053.0,4.0,4
43218.0,18.0,0
40974.0,-22.0,1
52393.0,-21.0,3
50626.0,44.0,6
50515.0,39.0,7
51721.0,-31.0,4
56646.0,4.0,1
50495.0,81.0,0
51501.0,18.0,3
49997.0,48.0,2
47242.0,-0.0,0
50415.0,45.0,3
51498.0,5.0,5
58741.0,24.0,7
46673.0,-9.0,6
50370.0,12.0,6
49672.0,73.0,0
50175.0,18.0,6
45022.0,25.0,4
52377.0,33.0,4
46187.0,-9.0,0
54735.0,17.0,6
46859.0,50.0,0
45997.0,7.0,2
56764.0,16.0,1
44787.0,72.0,6
49063.0,14.0,6
43821.0,43.0,3
47635.0,21.0,7
51690.0,46.0,3
48637.0,-28.0,2
49403.0,5.0,1
52356.0,54.0,0
49491.0,-15.0,4
50770.0,58.0,5
43529.0,42.0,2
50368.0,-31.0,2
47468.0,9.0,4
49357.0,28.0,5
49779.0,35.0,2
48500.0,-26.0,5
54999.0,-25.0,3
48615.0,31.0,3
55689.0,28.0,6
46422.0,87.0,4
54582.0,35.0,3
48659.0,18.0,1
45201.0,-8.0,0
53281.0,31.0,7
53307.0,-25.0,0
54910.0,55.0,2
51757.0,17.0,5
46463.0,-0.0,4
48915.0,21.0,1
48372.0,54.0,0
55027.0,65.0,0
46180.0,9.0,1
46589.0,42.0,6
45311.0,22.0,3
50962.0,50.0,0
43586.0,43.0,1
51123.0,-4.0,1
56570.0,-6.0,2
47564.0,10.0,4
51969.0,44.0,1
51634.0,-13.0,6
61969.0,-7.0,0
42641.0,10.0,7
56572.0,8.0,5
57946.0,50.0,5
46454.0,4.0,0
52632.0,22.0,2
44913.0,16.0,2
53326.0,61.0,7
44833.0,69.0,6
52674.0,54.0,7
51901.0,0.0,5
55077.0,9.0,4
44889.0,5.0,6
47791.0,23.0,7
53911.0,14.0,5
49171.0,-16.0,4
50195.0,13.0,6
48540.0,60.0,7
48390.0,4.0,1
49913.0,102.0,7
48956.0,4.0,3
46081.0,27.0,0
54078.0,-1.0,3
48521.0,25.0,5
55203.0,51.0,0
51457.0,18.0,4
50398.0,101.0,4
53046.0,3.0,7
43889.0,39.0,7
54168.0,24.0,2
51293.0,37.0,6
50331.0,57.0,5
55935.0,12.0,6
59500.0,89.0,6
49099.0,69.0,1
42255.0,35.0,3
43958.0,-14.0,0
46022.0,27.0,7
49007.0,22.0,7
48098.0,13.0,3
51111.0,17.0,5
54397.0,-39.0,6
48167.0,55.0,4
43902.0,18.0,1
49807.0,20.0,4
56930.0,51.0,3
51161.0,39.0,0
49005.0,-32.0,3
50969.0,3.0,5
51636.0,-44.0,7
57677.0,39.0,6
50381.0,44.0,7
48137.0,23.0,6
47478.0,-31.0,1
48194.0,53.0,4
48541.0,25.0,0
48206.0,1.0,1
54989.0,34.0,2
45788.0,18.0,2
44485.0,14.0,5
49972.0,45.0,1
51228.0,-9.0,0
46733.0,26.0,6
51398.0,9.0,1
55651.0,21.0,5
44316.0,17.0,3
56516.0,7.0,1
52404.0,38.0,6
54283.0,-12.0,0
51244.0,26.0,3
55090.0,33.0,3
49997.0,39.0,3
52993.0,51.0,3
52334.0,39.0,6
51532.0,8.0,4
54088.0,-64.0,1
55747.0,-54.0,6
49992.0,36.0,0
46221.0,17.0,0
46008.0,36.0,2
47752.0,22.0,0
52978.0,71.0,0
51772.0,-2.0,6
52690.0,89.0,2
44934.0,35.0,2
50108.0,27.0,0
51649.0,21.0,0
49420.0,-11.0,1
48423.0,37.0,5
44253.0,34.0,4
51044.0,1.0,0
49226.0,19.0,1
46875.0,14.0,4
43386.0,21.0,7
49108.0,58.0,0
53619.0,19.0,6
47070.0,-26.0,6
52719.0,57.0,3
45037.0,29.0,5
42866.0,47.0,4
55866.0,-13.0,5
41643.0,21.0,1
53378.0,12.0,6
47208.0,-45.0,1
51649.0,26.0,1
48853.0,25.0,5
49872.0,26.0,1
51772.0,4.0,4
44839.0,1.0,1
56182.0,-34.0,4
53803.0,45.0,4
53973.0,20.0,0
47562.0,9.0,0
46080.0,28.0,3
50920.0,17.0,1
47507.0,30.0,4
47679.0,5.0,5
44273.0,55.0,2
49471.0,-17.0,4
47764.0,20.0,6
59031.0,32.0,4
49637.0,-33.0,0
56508.0,65.0,3
53128.0,-42.0,2
52680.0,35.0,0
45490.0,-3.0,6
51427.0,6.0,7
46911.0,-7.0,7
55220.0,44.0,5
46048.0,38.0,0
46567.0,47.0,1
51252.0,1.0,3
54183.0,-9.0,4
52974.0,-8.0,2
44988.0,11.0,1
43666.0,-1.0,2
45697.0,22.0,3
53599.0,30.0,0
54318.0,18.0,7
55941.0,66.0,4
40438.0,41.0,4
50302.0,53.0,4
50017.0,70.0,5
53339.0,-8.0,5
45423.0,33.0,2
56499.0,28.0,6
46550.0,-11.0,7
51929.0,24.0,5
41978.0,38.0,1
57913.0,9.0,7
47006.0,15.0,7
47343.0,24.0,3
48739.0,29.0,1
47612.0,20.0,1
44039.0,25.0,2
49990.0,13.0,4
53037.0,59.0,0
53863.0,20.0,2
55694.0,-11.0,6
51332.0,6.0,7
49204.0,34.0,7
48261.0,28.0,0
49244.0,62.0,7
49165.0,43.0,0
47999.0,32.0,0
54467.0,53.0,3
45273.0,62.0,6
52132.0,18.0,3
49013.0,29.0,2
50077.0,-1.0,1
47078.0,52.0,4
49695.0,43.0,4
53707.0,-7.0,2
48117.0,45.0,3
59210.0,-37.0,2
48990.0,27.0,3
53460.0,-3.0,6
53557.0,45.0,5
48275.0,-20.0,5
46938.0,56.0,3
47661.0,56.0,3
48815.0,-5.0,1
45491.0,51.0,4
45256.0,4.0,0
47825.0,-24.0,7
55533.0,19.0,1
46019.0,23.0,1
46175.0,2.0,4
52369.0,49.0,1
51910.0,4.0,3
51477.0,38.0,7
54493.0,24.0,1
44734.0,-7.0,1
54452.0,14.0,1
47294.0,52.0,4
48850.0,38.0,4
48977.0,26.0,7
48875.0,-10.0,4
50326.0,25.0,0
54930.0,51.0,5
43432.0,-1.0,2
40595.0,44.0,0
50943.0,9.0,1
47198.0,36.0,6
49436.0,-12.0,1
50849.0,22.0,4
46699.0,-22.0,2
58259.0,-40.0,3
46932.0,32.0,4
52817.0,46.0,2
51066.0,-9.0,5
48629.0,-6.0,5
47850.0,-14.0,3
47118.0,-23.0,5
50294.0,-26.0,0
57798.0,-6.0,6
59256.0,-25.0,0
51448.0,31.0,3
51468.0,-31.0,1
54618.0,39.0,2
50728.0,73.0,2
36910.0,20.0,4
44654.0,56.0,5
54213.0,-57.0,1
51569.0,11.0,3
50447.0,47.0,4
50956.0,47.0,3
51111.0,9.0,4
55675.0,15.0,4
57780.0,-39.0,0
46934.0,33.0,4
47871.0,-7.0,2
51273.0,-43.0,6
53832.0,27.0,4
44601.0,-19.0,0
43047.0,11.0,1
46068.0,-3.0,4
51524.0,64.0,4
51481.0,50.0,0
45221.0,64.0,5
56243.0,55.0,5
47412.0,26.0,5
51765.0,-49.0,3
54169.0,50.0,6
55029.0,16.0,3
50384.0,30.0,3
52907.0,54.0,5
50173.0,38.0,6
56839.0,-8.0,7
52270.0,8.0,5
43785.0,11.0,1
45151.0,47.0,4
46842.0,9.0,6
54574.0,18.0,4
52153.0,-27.0,7
53027.0,21.0,6
52459.0,46.0,1
47645.0,-40.0,3
43854.0,49.0,5
51760.0,5.0,2
54196.0,-13.0,1
51113.0,27.0,3
49684.0,-19.0,6
48858.0,40.0,0
48009.0,46.0,2
46136.0,-47.0,1
47682.0,-15.0,1
46812.0,6.0,7
53684.0,22.0,6
47731.0,-26.0,4
49720.0,-6.0,7
49817.0,19.0,7
45073.0,49.0,1
46979.0,-18.0,3
49593.0,13.0,0
54186.0,-4.0,7
47299.0,41.0,7
54607.0,27.0,2
51849.0,1.0,6
57522.0,3.0,5
44149.0,56.0,6
47797.0,-7.0,2
46096.0,35.0,1
46739.0,28.0,0
46931.0,27.0,5
44978.0,-14.0,0
49079.0,16.0,0
54077.0,28.0,2
51325.0,35.0,7
56121.0,2.0,5
53640.0,-33.0,2
46882.0,66.0,5
50641.0,-5.0,3
54778.0,35.0,0
50354.0,21.0,1
56421.0,21.0,4
48285.0,89.0,7
44005.0,53.0,1
53234.0,19.0,4
51162.0,79.0,3
53119.0,20.0,0
49185.0,48.0,1
60121.0,-7.0,3
44240.0,24.0,0
51735.0,14.0,1
52760.0,29.0,2
52625.0,-3.0,5
44420.0,-1.0,7
58725.0,28.0,4
49718.0,24.0,5
54063.0,8.0,6
48350.0,11.0,7
45266.0,5.0,4
48989.0,25.0,2
55157.0,34.0,4
51489.0,73.0,6
55171.0,-15.0,7
58371.0,24.0,4
50212.0,15.0,3
49270.0,72.0,2
55353.0,7.0,6
46600.0,62.0,1
55866.0,58.0,4
50230.0,3.0,3
52882.0,72.0,6
57189.0,62.0,3
48939.0,40.0,3
48761.0,-12.0,4
49219.0,27.0,2
54280.0,35.0,5
51913.0,-17.0,6
44276.0,42.0,5
54047.0,13.0,0
50560.0,47.0,3
53032.0,-5.0,5
50906.0,4.0,6
55250.0,12.0,3
50477.0,96.0,6
41741.0,6.0,0
38164.0,23.0,3
50778.0,24.0,3
44721.0,-16.0,5
44515.0,54.0,1
42040.0,71.0,4
48834.0,53.0,5
48332.0,71.0,6
55365.0,-14.0,7
47909.0,-3.0,0
43795.0,33.0,7
55461.0,31.0,6
55476.0,14.0,3
52011.0,-3.0,4
58243.0,13.0,7
60608.0,-7.0,7
47017.0,-17.0,1
51228.0,62.0,3
43355.0,-23.0,4
51748.0,10.0,4
48654.0,16.0,3
51158.0,-38.0,4
50414.0,30.0,4
46929.0,48.0,4
49972.0,64.0,3
49717.0,38.0,0
45292.0,44.0,0
52425.0,3.0,6
52372.0,24.0,4
49850.0,23.0,3
51337.0,17.0,7
51845.0,37.0,7
54122.0,21.0,7
52121.0,63.0,0
52859.0,-6.0,0
52965.0,-40.0,4
41996.0,-2.0,1
50230.0,35.0,7
48174.0,12.0,6
46938.0,23.0,5
52601.0,22.0,3
49803.0,81.0,3
55741.0,50.0,2
53877.0,62.0,7
48547.0,-14.0,0
45334.0,-24.0,0
49170.0,-3.0,7
47928.0,49.0,0
48615.0,17.0,2
47780.0,41.0,5
54672.0,31.0,2
47225.0,0.0,4
48929.0,27.0,7
52154.0,36.0,0
51154.0,4.0,5
48235.0,14.0,2
52309.0,-17.0,4
50683.0,3.0,1
47914.0,22.0,1
53880.0,33.0,2
44633.0,4.0,3
51100.0,54.0,0
52133.0,1.0,2
57870.0,58.0,0
49924.0,82.0,4
46912.0,6.0,6
48280.0,13.0,4
48186.0,27.0,6
48983.0,36.0,5
42562.0,8.0,3
56680.0,11.0,7
47325.0,38.0,2
53859.0,81.0,2
46477.0,21.0,4
53461.0,-5.0,0
53414.0,20.0,3
52488.0,21.0,4
46635.0,50.0,6
52067.0,-34.0,5
49742.0,10.0,3
54915.0,37.0,2
50107.0,-5.0,0
53881.0,-2.0,5
53323.0,6.0,4
57439.0,6.0,3
48028.0,-3.0,0
48660.0,1.0,0
45004.0,77.0,6
53607.0,12.0,6
45519.0,1.0,4
45143.0,-12.0,2
43774.0,36.0,5
53620.0,57.0,3
49276.0,4.0,4
46869.0,14.0,3
50871.0,16.0,0
50438.0,-13.0,0
53509.0,39.0,0
48500.0,5.0,0
48643.0,74.0,6
57013.0,4.0,6
48330.0,45.0,1
45326.0,39.0,6
49986.0,78.0,1
43667.0,32.0,6
49643.0,-4.0,6
49971.0,65.0,1
47153.0,-47.0,5
48156.0,35.0,2
41975.0,37.0,7
48247.0,66.0,6
55956.0,19.0,0
50724.0,31.0,7
46749.0,50.0,0
44585.0,75.0,7
57923.0,20.0,0
39783.0,4.0,0
50503.0,27.0,2
51409.0,38.0,7
50206.0,99.0,5
49743.0,70.0,2
48005.0,48.0,6
51960.0,-23.0,3
49296.0,63.0,6
48926.0,53.0,0
48881.0,-4.0,1
50014.0,50.0,1
53105.0,28.0,4
49841.0,27.0,3
49110.0,14.0,7
47085.0,36.0,2
51429.0,124.0,6
46829.0,9.0,2
55535.0,-13.0,1
49797.0,31.0,0
48292.0,31.0,2
51360.0,89.0,5
54434.0,57.0,3
46584.0,40.0,2
48212.0,-5.0,3
53100.0,-2.0,1
47973.0,69.0,6
50768.0,40.0,1
49235.0,12.0,3
51906.0,52.0,4
46267.0,15.0,2
50023.0,16.0,2
49121.0,39.0,0
44446.0,-35.0,0
51489.0,7.0,6
52389.0,6.0,7
46248.0,35.0,1
49667.0,-8.0,3
43828.0,16.0,5
43713.0,-16.0,4
51727.0,60.0,1
41954.0,-6.0,5
49298.0,30.0,5
51752.0,51.0,3
50560.0,37.0,2
54289.0,-34.0,3
45622.0,26.0,2
56279.0,6.0,7
50913.0,-22.0,4
54837.0,-5.0,6
47916.0,18.0,6
49939.0,50.0,1
47770.0,31.0,6
41374.0,8.0,4
50519.0,87.0,2
54789.0,20.0,4
53074.0,-13.0,3
54468.0,72.0,3
54621.0,-17.0,5
50325.0,10.0,6
47816.0,21.0,3
49359.0,84.0,3
43993.0,2.0,7
48992.0,40.0,0
46967.0,88.0,4
47517.0,-18.0,4
55454.0,61.0,4
53536.0,-23.0,4
49856.0,30.0,0
52056.0,9.0,1
47469.0,18.0,0
52290.0,68.0,3
51696.0,48.0,2
44231.0,30.0,7
50714.0,58.0,1
48431.0,-19.0,3
52198.0,7.0,3
51023.0,-16.0,2
45098.0,-1.0,6
48157.0,-5.0,5
38061.0,-36.0,5
57199.0,-7.0,1
51415.0,-3.0,1
45621.0,-5.0,3
45178.0,20.0,3
46543.0,-2.0,6
50993.0,24.0,5
52784.0,37.0,2
40731.0,20.0,0
51069.0,16.0,2
54132.0,41.0,6
57065.0,20.0,1
45279.0,3.0,0
48857.0,-49.0,7
50966.0,-10.0,3
51511.0,47.0,6
56815.0,43.0,5
51115.0,-29.0,3
57188.0,-9.0,2
50120.0,38.0,7
46864.0,26.0,1
47963.0,25.0,5
42032.0,-6.0,4
52739.0,23.0,5
45609.0,58.0,2
40229.0,38.0,2
50862.0,54.0,1
51430.0,-47.0,5
57933.0,13.0,5
53912.0,24.0,3
51702.0,58.0,1
57082.0,5.0,4
55046.0,-2.0,2
51284.0,37.0,7
48589.0,50.0,1
55915.0,79.0,6
49005.0,40.0,4
45969.0,23.0,2
52961.0,25.0,4
48282.0,-76.0,0
50178.0,-0.0,7
48411.0,67.0,5
46892.0,20.0,1
51456.0,-8.0,2
51198.0,-46.0,4
48145.0,58.0,3
47587.0,46.0,7
55379.0,3.0,7
52761.0,-32.0,4
52380.0,-15.0,2
49985.0,17.0,1
51935.0,34.0,0
52546.0,-25.0,7
50186.0,-34.0,0
49659.0,28.0,1
41785.0,3.0,3
46510.0,-20.0,3
56318.0,63.0,6
56094.0,-56.0,2
49903.0,-19.0,2
54065.0,65.0,1
59952.0,56.0,6
51331.0,41.0,7
54460.0,10.0,1
47851.0,21.0,0
44027.0,26.0,0
47994.0,-27.0,4
40037.0,31.0,5
44678.0,51.0,2
51840.0,13.0,3
45914.0,19.0,1
53495.0,-6.0,0
54638.0,36.0,0
50956.0,27.0,3
45260.0,11.0,6
49451.0,10.0,6
50760.0,-8.0,3
47898.0,18.0,2
50930.0,95.0,3
48622.0,13.0,0
44656.0,-9.0,3
47929.0,67.0,7
54128.0,19.0,0
51625.0,47.0,3
55510.0,55.0,7
48531.0,-36.0,0
49293.0,-2.0,2
51602.0,59.0,3
46519.0,-17.0,3
48485.0,25.0,7
50452.0,13.0,7
52565.0,-13.0,6
42910.0,45.0,5
49569.0,1.0,2
40300.0,9.0,4
46248.0,31.0,5
54601.0,37.0,2
55516.0,-15.0,4
47170.0,15.0,3
54000.0,8.0,6
50407.0,6.0,4
54821.0,-49.0,1
45034.0,22.0,7
47666.0,32.0,3
49958.0,4.0,3
50528.0,-9.0,7
51416.0,6.0,5
48277.0,-1.0,1
43395.0,-5.0,0
49635.0,48.0,3
51354.0,59.0,4
50172.0,0.0,3
53954.0,10.0,5
54783.0,16.0,0
50611.0,-16.0,3
52009.0,32.0,0
53210.0,-8.0,1
49630.0,37.0,6
44010.0,25.0,3
53857.0,95.0,2
46827.0,-84.0,7
55551.0,37.0,3
49107.0,28.0,2
54737.0,57.0,0
44524.0,15.0,0
51072.0,79.0,7
50668.0,10.0,2
47476.0,40.0,2
47582.0,9.0,3
47394.0,20.0,5
48931.0,-11.0,6
45544.0,27.0,0
48825.0,33.0,3
50990.0,-16.0,0
47443.0,52.0,0
51265.0,93.0,0
51152.0,43.0,4
51071.0,36.0,4
54535.0,36.0,2
51242.0,15.0,4
54173.0,35.0,3
56875.0,-8.0,0
46620.0,-29.0,4
49985.0,28.0,0
44572.0,43.0,0
49630.0,37.0,3
51305.0,-6.0,6
48777.0,-3.0,3
44179.0,-27.0,1
60496.0,18.0,2
56435.0,-2.0,7
46853.0,14.0,4
47762.0,34.0,5
54505.0,-55.0,3
47702.0,82.0,2
49256.0,43.0,3
49363.0,45.0,3
54292.0,18.0,1
54401.0,11.0,4
52445.0,32.0,4
54021.0,12.0,4
54532.0,7.0,5
58173.0,18.0,5
52661.0,52.0,7
45350.0,44.0,0
46632.0,48.0,0
50222.0,12.0,7
52385.0,36.0,5
50009.0,-4.0,2
58088.0,58.0,1
47349.0,15.0,3
45380.0,-15.0,1
49055.0,16.0,6
45935.0,71.0,5
56611.0,32.0,4
46515.0,7.0,2
52032.0,50.0,4
51832.0,31.0,0
44921.0,11.0,3
54602.0,-13.0,3
44271.0,56.0,0
50513.0,-20.0,7
48562.0,41.0,2
50471.0,22.0,0
51407.0,33.0,7
51335.0,-15.0,3
51796.0,63.0,4
54162.0,23.0,3
50290.0,-24.0,0
46842.0,21.0,3
55446.0,30.0,4
50838.0,-36.0,6
45811.0,21.0,1
54496.0,-4.0,2
52430.0,22.0,7
57146.0,-7.0,1
43901.0,33.0,4
51340.0,8.0,5
49613.0,21.0,1
50791.0,-14.0,6
48388.0,49.0,4
47008.0,-21.0,2
48803.0,47.0,5
41468.0,-4.0,4
45700.0,65.0,3
48681.0,14.0,6
52142.0,50.0,0
47658.0,2.0,1
52266.0,49.0,7
46095.0,20.0,3
52326.0,33.0,6
60739.0,64.0,4
48808.0,4.0,1
49781.0,32.0,7
54662.0,4.0,6
50634.0,60.0,4
56881.0,51.0,7
49950.0,23.0,0
47657.0,42.0,0
45026.0,2.0,0
53872.0,11.0,7
59442.0,56.0,6
42977.0,11.0,7
43732.0,37.0,6
44946.0,13.0,4
48979.0,30.0,2
52566.0,4.0,6
52230.0,4.0,7
48502.0,-58.0,0
49105.0,40.0,3
50844.0,18.0,2
53945.0,-1.0,7
52384.0,-13.0,7
45213.0,53.0,3
48068.0,-13.0,7
50554.0,-1.0,6
52898.0,2.0,3
44697.0,33.0,0
60019.0,-1.0,6
59860.0,27.0,5
49143.0,14.0,6
45781.0,4.0,2
54522.0,-14.0,7
43798.0,-45.0,6
51911.0,10.0,7
54555.0,-11.0,0
51604.0,24.0,2
50141.0,23.0,5
49174.0,19.0,5
50092.0,37.0,2
49875.0,13.0,0
52645.0,14.0,0
46101.0,60.0,3
46899.0,7.0,1
43736.0,-8.0,7
47073.0,-40.0,2
44539.0,14.0,2
49441.0,33.0,2
51949.0,-14.0,7
45722.0,46.0,3
48529.0,-13.0,3
48449.0,9.0,0
52339.0,47.0,6
58453.0,-10.0,3
57871.0,9.0,0
55396.0,3.0,4
47758.0,11.0,7
52574.0,-19.0,1
46339.0,3.0,0
46806.0,78.0,3
48774.0,-10.0,7
54516.0,35.0,3
44722.0,17.0,7
54823.0,16.0,3
50042.0,15.0,6
52666.0,24.0,0
45251.0,5.0,5
47968.0,13.0,3
52826.0,-8.0,0
54189.0,31.0,1
51141.0,28.0,4
46443.0,41.0,4
49291.0,-14.0,3
50605.0,30.0,5
48814.0,-11.0,3
47450.0,9.0,3
50399.0,33.0,4
44387.0,1.0,2
54153.0,20.0,3
50632.0,38.0,6
49416.0,74.0,7
48952.0,15.0,2
50802.0,23.0,6
52549.0,15.0,4
50660.0,52.0,0
46658.0,50.0,2
54708.0,-7.0,2
45382.0,-1.0,5
54894.0,53.0,7
51929.0,-27.0,2
47163.0,31.0,6
55334.0,-4.0,5
54126.0,70.0,1
48642.0,52.0,1
44367.0,34.0,2
49700.0,76.0,0
48539.0,4.0,2
51438.0,24.0,1
49878.0,24.0,4
44372.0,31.0,6
51140.0,23.0,2
51868.0,44.0,7
51276.0,30.0,6
46418.0,29.0,0
44086.0,40.0,7
51062.0,-1.0,5
44239.0,50.0,0
56696.0,44.0,4
44845.0,53.0,3
52970.0,3.0,4
50469.0,46.0,7
56442.0,-27.0,3
49296.0,40.0,7
60636.0,10.0,6
50341.0,52.0,4
49998.0,-1.0,4
42828.0,-1.0,2
50369.0,34.0,0
44811.0,-36.0,4
50821.0,14.0,4
54248.0,21.0,2
53265.0,-16.0,6
55799.0,65.0,7
42593.0,14.0,1
50165.0,12.0,1
55594.0,58.0,1
48987.0,-9.0,7
42116.0,30.0,1
46226.0,11.0,3
58270.0,-31.0,1
48245.0,66.0,6
53003.0,40.0,4
52501.0,-30.0,6
49873.0,10.0,7
54418.0,36.0,2
56524.0,40.0,1
44632.0,46.0,3
47538.0,-11.0,4
50594.0,8.0,7
45800.0,70.0,3
49948.0,74.0,2
47560.0,-10.0,1
49649.0,69.0,0
48718.0,4.0,1
55050.0,48.0,0
47942.0,-5.0,4
41861.0,32.0,2
50454.0,15.0,5
52172.0,41.0,6
53258.0,31.0,5
52213.0,25.0,5
56205.0,28.0,3
48964.0,1.0,1
53251.0,7.0,1
54992.0,20.0,5
55134.0,3.0,5
45699.0,16.0,1
51402.0,8.0,4
53885.0,4.0,6
54263.0,-15.0,1
47933.0,24.0,7
52362.0,-16.0,5
50204.0,-23.0,1
52098.0,53.0,4
54779.0,26.0,0
48221.0,22.0,7
50377.0,-30.0,4
42718.0,62.0,7
45582.0,8.0,4
48887.0,42.0,6
49457.0,36.0,5
50324.0,25.0,6
51724.0,3.0,7
51932.0,-17.0,2
44855.0,-40.0,1
46150.0,-9.0,2
50700.0,-9.0,7
48310.0,-9.0,5
47412.0,66.0,1
48655.0,18.0,4
46221.0,-11.0,7
45443.0,25.0,0
53659.0,19.0,6
49670.0,31.0,0
45458.0,23.0,7
51453.0,7.0,1
55206.0,62.0,6
50350.0,-15.0,0
41843.0,36.0,7
46874.0,22.0,5
46578.0,19.0,2
47853.0,23.0,1
54002.0,79.0,7
51471.0,-16.0,6
51790.0,70.0,5
46883.0,41.0,5
42012.0,5.0,4
53133.0,0.0,5
47631.0,-4.0,3
51268.0,8.0,1
49837.0,17.0,1
50377.0,68.0,5
53146.0,62.0,2
47749.0,-16.0,6
48270.0,17.0,4
47917.0,30.0,3
57610.0,16.0,0
47715.0,15.0,4
55801.0,23.0,6
55298.0,34.0,4
48348.0,59.0,7
44196.0,-31.0,3
49902.0,-2.0,3
53664.0,11.0,1
50405.0,-35.0,5
55124.0,23.0,7
53094.0,17.0,4
48199.0,84.0,4
57393.0,9.0,1
46316.0,28.0,2
49822.0,33.0,7
56772.0,7.0,6
55330.0,-5.0,2
41188.0,-36.0,4
50314.0,25.0,5
62338.0,78.0,6
47044.0,-21.0,7
42555.0,-4.0,2
41529.0,9.0,4
47775.0,26.0,5
50044.0,29.0,0
46319.0,22.0,1
45965.0,11.0,3
53639.0,20.0,2
49183.0,5.0,5
50547.0,34.0,2
51843.0,-19.0,7
52312.0,-0.0,2
49937.0,12.0,7
42054.0,-45.0,5
52663.0,-20.0,3
55059.0,7.0,6
50763.0,38.0,5
47555.0,1.0,3
45708.0,80.0,0
51312.0,-38.0,3
52651.0,2.0,5
57158.0,9.0,5
53157.0,8.0,0
50188.0,-10.0,1
48551.0,9.0,1
48778.0,-16.0,1
42989.0,91.0,0
56657.0,9.0,4
53895.0,-96.0,6
43246.0,-78.0,5
52531.0,-2.0,5
51254.0,1.0,3
48830.0,5.0,3
54246.0,50.0,1
51601.0,11.0,7
50381.0,36.0,0
49465.0,20.0,7
53950.0,24.0,7
50536.0,-3.0,6
52753.0,-5.0,2
50189.0,20.0,7
52038.0,4.0,3
54032.0,-20.0,3
52573.0,33.0,5
50316.0,15.0,3
46251.0,26.0,5
54669.0,-11.0,1
50606.0,42.0,2
52570.0,-13.0,5
57488.0,47.0,1
50937.0,-22.0,6
49225.0,6.0,6
43254.0,-14.0,2
50398.0,28.0,3
46951.0,13.0,0
42856.0,-4.0,6
49921.0,8.0,1
48698.0,50.0,2
40572.0,44.0,3
48472.0,4.0,7
42980.0,21.0,6
48418.0,13.0,7
50458.0,71.0,3
45866.0,-19.0,1
49298.0,35.0,3
45838.0,30.0,2
57496.0,66.0,1
53429.0,15.0,2
56804.0,1.0,4
56053.0,-70.0,0
47374.0,25.0,6
53120.0,21.0,6
53878.0,-14.0,0
51075.0,35.0,3
42631.0,-10.0,6
54742.0,-15.0,6
52570.0,-47.0,5
51254.0,74.0,5
48201.0,64.0,6
52335.0,79.0,5
51726.0,7.0,5
53133.0,-2.0,4
44733.0,-11.0,5
53510.0,-3.0,5
49599.0,40.0,1
49223.0,2.0,4
44263.0,54.0,1
47719.0,-3.0,2
50674.0,2.0,3
47569.0,-17.0,2
51110.0,25.0,5
51857.0,28.0,3
51904.0,39.0,6
49253.0,24.0,4
52955.0,7.0,6
52921.0,27.0,1
48902.0,14.0,4
45826.0,35.0,6
52548.0,10.0,2
51433.0,-29.0,5
47774.0,10.0,0
49732.0,91.0,0
50629.0,83.0,1
54746.0,29.0,5
50738.0,-4.0,2
47272.0,-3.0,7
51471.0,67.0,1
53182.0,-24.0,5
53061.0,20.0,0
46320.0,13.0,5
50215.0,-6.0,4
50246.0,3.0,6
50272.0,6.0,5
51896.0,27.0,2
51889.0,27.0,3
50031.0,-11.0,1
51556.0,63.0,6
46188.0,26.0,1
55699.0,-15.0,4
49320.0,90.0,4
46604.0,89.0,3
47982.0,18.0,1
42370.0,25.0,3
58062.0,56.0,4
51346.0,-32.0,6
51553.0,9.0,2
50908.0,58.0,5
52895.0,-16.0,6
54405.0,25.0,0
54132.0,-14.0,4
43381.0,-66.0,5
48518.0,94.0,7
46785.0,54.0,7
54749.0,37.0,4
48245.0,64.0,4
50377.0,58.0,1
47025.0,30.0,6
53101.0,18.0,3
47711.0,-6.0,4
45140.0,7.0,4
46471.0,26.0,7
44242.0,20.0,3
45712.0,26.0,7
47644.0,22.0,3
61055.0,31.0,7
50590.0,24.0,0
49556.0,10.0,2
47604.0,-22.0,2
49271.0,64.0,0
47724.0,-21.0,2
48948.0,73.0,1
47750.0,39.0,4
60590.0,61.0,4
50314.0,-9.0,6
52265.0,79.0,1
52104.0,76.0,3
48180.0,49.0,5
50017.0,1.0,3
51974.0,59.0,5
51497.0,41.0,0
50973.0,62.0,2
57718.0,41.0,4
51717.0,41.0,1
48195.0,15.0,5
48311.0,4.0,5
48945.0,11.0,4
50925.0,53.0,3
49209.0,16.0,6
49849.0,44.0,4
43935.0,21.0,5
50716.0,27.0,7
51423.0,1.0,6
49761.0,73.0,3
46381.0,6.0,5
47174.0,-30.0,4
47874.0,41.0,0
51664.0,4.0,6
49021.0,24.0,1
48930.0,-2.0,6
54575.0,68.0,5
54325.0,50.0,3
47327.0,78.0,2
49278.0,32.0,6
45954.0,35.0,1
49175.0,59.0,4
49773.0,98.0,1
48463.0,3.0,6
47462.0,-3.0,0
45978.0,58.0,1
49682.0,39.0,3
46229.0,69.0,3
51549.0,64.0,7
52692.0,63.0,5
53731.0,28.0,6
53448.0,47.0,3
58414.0,13.0,2
53558.0,-50.0,5
53384.0,-5.0,5
47758.0,22.0,4
48925.0,24.0,3
50419.0,-0.0,2
44535.0,34.0,4
47906.0,25.0,7
49070.0,15.0,7
50052.0,26.0,1
51376.0,-31.0,3
53945.0,10.0,3
54376.0,2.0,5
51485.0,35.0,4
51673.0,14.0,6
48656.0,27.0,4
48330.0,42.0,6
54856.0,-5.0,4
43798.0,-0.0,3
58342.0,20.0,6
42622.0,2.0,3
46095.0,14.0,5
50246.0,-2.0,6
51076.0,65.0,6
43866.0,-9.0,7
56398.0,27.0,3
51471.0,34.0,0
49866.0,11.0,4
50204.0,52.0,0
51319.0,5.0,4
46802.0,-14.0,0
45861.0,9.0,3
45780.0,-6.0,3
38922.0,27.0,0
53951.0,5.0,4
47872.0,13.0,0
50475.0,15.0,3
44601.0,47.0,6
51281.0,17.0,4
48561.0,41.0,1
49607.0,27.0,7
41352.0,88.0,0
47242.0,56.0,5
50531.0,34.0,3
45333.0,-10.0,6
50974.0,17.0,5
48107.0,-11.0,7
47247.0,83.0,0
53769.0,4.0,3
45869.0,-8.0,2
52804.0,18.0,5
41397.0,44.0,0
50725.0,-8.0,5
52462.0,70.0,5
50422.0,49.0,6
47349.0,1.0,2
46704.0,12.0,3
50320.0,48.0,1
47196.0,47.0,4
47292.0,29.0,6
52685.0,-11.0,5
60237.0,-17.0,0
55070.0,44.0,7
47633.0,-8.0,4
49434.0,43.0,3
49207.0,21.0,1
51547.0,25.0,5
52751.0,22.0,6
52485.0,24.0,3
57158.0,-30.0,3
54063.0,45.0,0
52779.0,1.0,2
44118.0,3.0,0
56632.0,50.0,6
57439.0,33.0,6
51214.0,48.0,4
48896.0,16.0,6
55561.0,42.0,5
48499.0,40.0,3
60157.0,22.0,5
50230.0,28.0,0
57736.0,24.0,0
51690.0,-0.0,6
51041.0,20.0,2
43365.0,12.0,7
48647.0,4.0,1
45475.0,-49.0,0
54576.0,49.0,4
45512.0,15.0,1
48590.0,-18.0,1
48665.0,6.0,0
45363.0,47.0,1
56050.0,16.0,3
51826.0,-10.0,5
46674.0,22.0,2
55784.0,1.0,7
41436.0,17.0,1
54595.0,47.0,0
46157.0,2.0,3
54427.0,55.0,3
57528.0,-7.0,6
49751.0,-20.0,7
46126.0,20.0,6
53123.0,-5.0,5
56400.0,-17.0,3
53853.0,51.0,5
45197.0,7.0,4
52336.0,28.0,2
46918.0,5.0,1
47717.0,71.0,6
52760.0,-2.0,4
49480.0,59.0,0
53701.0,21.0,1
48983.0,-18.0,6
55953.0,-46.0,5
51187.0,46.0,0
50139.0,-3.0,3
45886.0,60.0,6
44991.0,7.0,7
49171.0,35.0,0
48476.0,16.0,7
49885.0,26.0,7
43865.0,4.0,3
56218.0,76.0,7
44131.0,37.0,5
50661.0,8.0,2
55203.0,53.0,3
51733.0,-20.0,4
53931.0,31.0,2
50356.0,-10.0,4
49296.0,-42.0,2
54974.0,-16.0,2
49499.0,13.0,6
56493.0,-12.0,0
52458.0,-27.0,0
50042.0,-27.0,1
54564.0,-4.0,5
48163.0,72.0,0
45327.0,14.0,0
43935.0,-18.0,0
47860.0,74.0,3
51354.0,16.0,7
40098.0,-65.0,1
51187.0,-24.0,4
44213.0,6.0,2
49485.0,28.0,4
46803.0,2.0,1
47623.0,28.0,5
53140.0,20.0,3
49999.0,46.0,1
48449.0,18.0,3
47716.0,37.0,0
51379.0,5.0,1
48001.0,38.0,5
55120.0,68.0,7
47330.0,-15.0,3
48588.0,43.0,2
59801.0,66.0,3
54686.0,15.0,0
56184.0,-12.0,3
43801.0,-3.0,2
51311.0,30.0,6
49753.0,51.0,3
46070.0,28.0,5
47686.0,58.0,2
44519.0,-21.0,4
49314.0,35.0,4
45947.0,32.0,6
49658.0,47.0,5
47760.0,63.0,3
46105.0,-3.0,2
51505.0,-14.0,7
49026.0,22.0,7
52490.0,64.0,2
46946.0,27.0,7
44358.0,12.0,4
50550.0,18.0,7
51925.0,69.0,0
43938.0,26.0,7
56927.0,32.0,0
49564.0,43.0,5
47522.0,-16.0,2
46741.0,20.0,4
46973.0,51.0,3
44820.0,88.0,5
50136.0,40.0,2
46210.0,24.0,6
50696.0,19.0,3
50278.0,-16.0,5
47053.0,13.0,3
49368.0,-20.0,7
44997.0,75.0,0
53549.0,110.0,3
54457.0,49.0,2
54269.0,15.0,0
53180.0,8.0,3
42782.0,-12.0,0
62611.0,-5.0,0
54653.0,16.0,3
47947.0,-14.0,6
51740.0,9.0,6
51500.0,74.0,3
49799.0,6.0,7
42748.0,27.0,0
48376.0,4.0,1
43650.0,33.0,4
51746.0,17.0,5
54033.0,-21.0,4
52425.0,52.0,6
47801.0,-6.0,7
56025.0,-32.0,0
48352.0,-25.0,0
46315.0,-12.0,6
41909.0,-17.0,4
54840.0,54.0,5
54570.0,30.0,6
45883.0,31.0,0
48122.0,54.0,6
43143.0,24.0,4
50295.0,35.0,5
55701.0,-29.0,5
51835.0,41.0,4
50010.0,31.0,1
58069.0,73.0,2
48427.0,8.0,5
51418.0,27.0,1
44541.0,69.0,3
52134.0,34.0,1
45889.0,36.0,4
53118.0,7.0,3
48985.0,-0.0,0
48072.0,-14.0,1
51099.0,-15.0,5
51454.0,3.0,7
58684.0,29.0,5
53326.0,-6.0,1
59769.0,31.0,1
49480.0,8.0,1
54956.0,20.0,0
54830.0,33.0,7
43954.0,47.0,4
45555.0,44.0,5
52248.0,-37.0,3
55268.0,11.0,1
45806.0,52.0,5
48531.0,8.0,4
53180.0,-17.0,0
45419.0,94.0,3
54736.0,11.0,7
49087.0,18.0,3
46365.0,7.0,1
48762.0,64.0,0
50078.0,60.0,5
49892.0,15.0,3
50700.0,45.0,4
55468.0,-5.0,7
46101.0,82.0,3
46352.0,14.0,4
50616.0,75.0,2
48197.0,12.0,0
51520.0,29.0,3
51182.0,-4.0,7
55551.0,72.0,4
52687.0,17.0,5
50979.0,-7.0,2
53134.0,20.0,5
48456.0,59.0,2
45842.0,-9.0,0
55526.0,16.0,0
53486.0,25.0,7
51157.0,-53.0,4
49175.0,44.0,3
51289.0,61.0,6
54380.0,-7.0,6
48704.0,-10.0,6
48207.0,44.0,7
45598.0,-2.0,0
42771.0,-14.0,4
47569.0,82.0,5
47456.0,31.0,5
52365.0,-47.0,0
54722.0,-15.0,6
52694.0,36.0,2
43342.0,-6.0,1
44919.0,-3.0,4
56890.0,13.0,7
49617.0,65.0,7
49273.0,11.0,6
53833.0,30.0,0
48021.0,-8.0,6
54987.0,20.0,1
46006.0,16.0,4
52806.0,2.0,2
48287.0,13.0,4
45125.0,-1.0,2
53416.0,20.0,7
55977.0,-2.0,6
52358.0,64.0,0
51975.0,-9.0,0
41217.0,29.0,3
56919.0,48.0,4
46723.0,33.0,2
51795.0,18.0,4
50059.0,44.0,3
47285.0,35.0,7
39116.0,-15.0,6
55011.0,15.0,3
48783.0,30.0,4
46525.0,4.0,0
49457.0,58.0,3
45866.0,84.0,4
51351.0,-19.0,3
50795.0,12.0,1
48901.0,-8.0,5
61760.0,-3.0,3
45785.0,22.0,3
44604.0,12.0,6
46867.0,17.0,1
45077.0,30.0,0
41520.0,12.0,2
48921.0,35.0,7
46274.0,3.0,4
49586.0,76.0,0
50305.0,11.0,3
51179.0,-26.0,5
46179.0,34.0,0
54665.0,56.0,1
46694.0,4.0,1
48062.0,26.0,6
55171.0,3.0,4
49070.0,0.0,7
50521.0,60.0,6
50418.0,39.0,1
46320.0,1.0,0
53006.0,-5.0,7
48847.0,43.0,4
52078.0,76.0,1
45246.0,-9.0,3
47723.0,13.0,4
52829.0,-2.0,1
51803.0,-9.0,1
46103.0,32.0,0
54243.0,-10.0,7
48047.0,26.0,7
49035.0,30.0,4
51320.0,65.0,3
44740.0,-5.0,5
48750.0,-32.0,3
48304.0,22.0,3
55383.0,16.0,5
46616.0,78.0,5
46160.0,9.0,0
47652.0,60.0,6
53346.0,54.0,7
47642.0,8.0,3
53121.0,22.0,4
54836.0,33.0,7
52914.0,33.0,4
44789.0,7.0,7
49098.0,-30.0,5
49935.0,1.0,4
58505.0,27.0,1
45177.0,33.0,3
47500.0,57.0,2
48659.0,17.0,1
46618.0,121.0,1
46545.0,23.0,3
46273.0,23.0,5
51196.0,9.0,0
46915.0,52.0,1
51943.0,4.0,4
50585.0,40.0,3
42332.0,15.0,3
49342.0,-7.0,2
46218.0,42.0,2
52387.0,-10.0,7
40476.0,17.0,4
51150.0,47.0,2
43689.0,31.0,5
53240.0,15.0,4
55057.0,-39.0,0
53666.0,19.0,7
58706.0,40.0,0
45411.0,8.0,3
50571.0,25.0,0
43150.0,44.0,0
45629.0,17.0,2
47133.0,13.0,3
46604.0,12.0,3
52329.0,25.0,7
47706.0,23.0,4
52815.0,-10.0,2
50356.0,-6.0,0
41621.0,-28.0,4
53464.0,16.0,3
56538.0,43.0,5
52192.0,74.0,1
60291.0,27.0,0
49877.0,-19.0,5
52159.0,29.0,3
54116.0,-11.0,1
43901.0,24.0,1
48266.0,21.0,1
46630.0,7.0,7
46675.0,-12.0,1
57338.0,35.0,7
54357.0,29.0,5
48166.0,60.0,1
50294.0,56.0,5
51458.0,-43.0,0
46306.0,-16.0,1
53176.0,0.0,1
45768.0,37.0,0
49606.0,3.0,1
51356.0,39.0,6
55647.0,22.0,4
48911.0,-15.0,0
50450.0,1.0,7
50504.0,66.0,0
45708.0,-18.0,6
57604.0,10.0,7
52037.0,-22.0,4
47100.0,1.0,5
48152.0,14.0,7
55449.0,74.0,7
48949.0,36.0,2
49667.0,10.0,7
44248.0,-8.0,1
51397.0,5.0,7
53728.0,-28.0,1
55215.0,21.0,1
50208.0,88.0,0
46858.0,-29.0,4
56302.0,2.0,6
54781.0,-7.0,0
49865.0,24.0,0
50776.0,3.0,1
60032.0,8.0,7
49503.0,56.0,0
46209.0,22.0,2
53197.0,21.0,3
59096.0,62.0,0
51349.0,20.0,2
49642.0,22.0,7
50371.0,21.0,6
48834.0,24.0,1
51010.0,35.0,0
38606.0,-19.0,2
51971.0,69.0,1
45792.0,4.0,0
53113.0,77.0,3
51946.0,-12.0,3
58976.0,-5.0,7
55418.0,11.0,5
47513.0,-8.0,1
44817.0,-22.0,2
52621.0,98.0,0
51989.0,44.0,6
45409.0,4.0,2
52579.0,-45.0,0
54607.0,4.0,5
54839.0,4.0,7
51211.0,26.0,4
48466.0,-16.0,1
50072.0,33.0,2
53019.0,48.0,0
54158.0,-5.0,0
45435.0,26.0,7
51021.0,33.0,5
47491.0,29.0,1
55443.0,-9.0,4
45414.0,-5.0,6
52614.0,33.0,5
47561.0,21.0,1
43004.0,-9.0,6
52983.0,52.0,0
56565.0,-8.0,1
48214.0,43.0,2
49315.0,-1.0,1
48152.0,29.0,7
52669.0,52.0,4
52920.0,-30.0,4
47721.0,26.0,3
56856.0,10.0,7
48797.0,50.0,5
48234.0,-48.0,5
53250.0,2.0,6
52346.0,6.0,5
49627.0,46.0,5
48516.0,-35.0,0
51790.0,47.0,7
55579.0,65.0,6
53704.0,-21.0,1
47472.0,63.0,1
48797.0,13.0,1
53954.0,5.0,1
50536.0,-46.0,2
53791.0,-1.0,1
56544.0,49.0,0
49514.0,29.0,6
46110.0,-18.0,4
56848.0,34.0,4
46851.0,58.0,6
50480.0,29.0,6
54720.0,41.0,4
50591.0,23.0,7
51804.0,38.0,2
51267.0,41.0,7
54797.0,-7.0,5
50714.0,10.0,4
47624.0,79.0,6
45681.0,38.0,3
51454.0,7.0,1
50348.0,-19.0,1
52999.0,50.0,1
52665.0,37.0,5
50107.0,43.0,3
49869.0,31.0,6
50556.0,65.0,5
51468.0,51.0,0
47501.0,34.0,0
51251.0,58.0,2
52175.0,32.0,3
49048.0,5.0,7
49007.0,-13.0,4
50091.0,72.0,5
53004.0,8.0,7
45047.0,54.0,6
50365.0,52.0,5
53582.0,5.0,7
52433.0,107.0,3
46669.0,-25.0,2
55893.0,9.0,1
46968.0,21.0,2
47046.0,44.0,5
52835.0,-3.0,2
51025.0,42.0,3
49837.0,2.0,3
50928.0,50.0,4
56659.0,1.0,6
41809.0,31.0,7
45825.0,81.0,1
57407.0,2.0,7
44222.0,35.0,7
50854.0,58.0,3
48948.0,54.0,0
50595.0,7.0,3
53483.0,15.0,5
47375.0,7.0,0
49598.0,40.0,0
44855.0,44.0,1
51006.0,19.0,5
47129.0,-9.0,5
45971.0,36.0,6
49869.0,80.0,0
50290.0,27.0,4
60332.0,34.0,6
48016.0,17.0,2
49476.0,66.0,7
52982.0,48.0,2
54166.0,3.0,6
46204.0,-2.0,0
52153.0,16.0,7
52615.0,11.0,5
50109.0,16.0,7
48014.0,-3.0,1
56327.0,-41.0,4
48052.0,40.0,4
44918.0,38.0,1
48282.0,37.0,7
52371.0,49.0,1
54758.0,-7.0,7
49426.0,22.0,0
45464.0,50.0,4
49109.0,34.0,0
49566.0,-28.0,2
46104.0,22.0,2
53020.0,23.0,4
47685.0,-6.0,7
49436.0,4.0,1
48186.0,44.0,5
53563.0,50.0,3
49766.0,-63.0,7
53861.0,15.0,4
41239.0,10.0,0
49180.0,5.0,2
42941.0,11.0,6
57458.0,86.0,5
47402.0,42.0,4
55883.0,11.0,5
43589.0,41.0,1
45904.0,-48.0,4
54331.0,20.0,1
61169.0,2.0,0
50827.0,-14.0,4
48650.0,50.0,4
48727.0,-1.0,4
44811.0,37.0,4
47373.0,4.0,5
46515.0,14.0,6
56664.0,-29.0,1
53430.0,26.0,7
48524.0,40.0,4
44904.0,-23.0,2
47738.0,38.0,0
50763.0,25.0,4
52970.0,34.0,1
49813.0,42.0,7
49200.0,26.0,4
55570.0,-26.0,5
58082.0,-68.0,0
50559.0,11.0,2
48263.0,56.0,2
47713.0,60.0,4
54320.0,7.0,2
46149.0,56.0,1
48894.0,58.0,0
50086.0,9.0,5
48785.0,13.0,5
48120.0,-40.0,6
44046.0,5.0,5
50120.0,-26.0,0
46327.0,68.0,0
47798.0,-28.0,1
54804.0,35.0,3
54033.0,23.0,7
49338.0,-4.0,3
53924.0,77.0,2
51727.0,49.0,4
53710.0,29.0,0
50912.0,87.0,4
50776.0,-24.0,4
49879.0,76.0,6
51114.0,27.0,6
44404.0,62.0,5
49931.0,-10.0,0
47367.0,16.0,0
52121.0,-20.0,2
48772.0,-27.0,2
48790.0,32.0,0
51385.0,72.0,1
48460.0,21.0,4
58102.0,54.0,5
55996.0,31.0,0
52813.0,82.0,4
47068.0,91.0,2
51343.0,65.0,4
45886.0,20.0,5
49136.0,44.0,7
48657.0,-27.0,2
52691.0,51.0,3
48287.0,-16.0,5
53192.0,-14.0,2
52614.0,-4.0,0
47508.0,40.0,1
54316.0,60.0,7
55467.0,58.0,4
52065.0,48.0,2
51501.0,17.0,4
48788.0,28.0,4
48609.0,35.0,1
56034.0,-18.0,6
51752.0,17.0,0
51293.0,-25.0,4
48122.0,-16.0,5
44653.0,0.0,4
50930.0,39.0,7
50394.0,-20.0,5
49267.0,59.0,4
49253.0,18.0,1
50619.0,6.0,2
51335.0,65.0,1
49489.0,33.0,2
41549.0,-3.0,4
51715.0,8.0,6
48949.0,30.0,6
50843.0,21.0,5
53451.0,25.0,6
53928.0,30.0,6
44219.0,55.0,5
50474.0,16.0,6
51607.0,-57.0,4
53931.0,24.0,5
56491.0,34.0,0
51371.0,28.0,0
48924.0,45.0,3
47186.0,-4.0,3
47000.0,-17.0,7
47398.0,16.0,4
47208.0,55.0,7
48583.0,38.0,4
54263.0,49.0,7
47785.0,-49.0,1
45588.0,3.0,2
49469.0,14.0,3
46134.0,40.0,6
44890.0,63.0,6
55556.0,-2.0,2
41335.0,51.0,7
51698.0,-15.0,1
52381.0,6.0,6
50800.0,10.0,6
50753.0,-10.0,0
38548.0,69.0,0
41758.0,-26.0,0
50793.0,35.0,5
49704.0,80.0,1
52933.0,22.0,6
52167.0,18.0,1
47294.0,-1.0,6
45687.0,-29.0,3
43902.0,50.0,7
47252.0,-32.0,5
51450.0,-35.0,1
49266.0,26.0,5
47402.0,-6.0,0
49877.0,15.0,6
50656.0,4.0,3
55775.0,47.0,6
48207.0,17.0,7
49659.0,33.0,4
56019.0,-44.0,2
47936.0,13.0,2
55151.0,-13.0,3
52159.0,37.0,5
49312.0,32.0,5
52293.0,-8.0,4
46021.0,89.0,7
40854.0,-16.0,5
46386.0,42.0,3
51509.0,17.0,0
48071.0,11.0,2
56403.0,-7.0,5
48170.0,36.0,7
58474.0,5.0,1
48110.0,35.0,3
45986.0,5.0,5
49146.0,3.0,0
54220.0,35.0,0
51472.0,62.0,5
58706.0,-36.0,5
52304.0,37.0,2
51565.0,-31.0,0
53362.0,11.0,0
50606.0,-20.0,1
55664.0,69.0,5
47269.0,36.0,7
55356.0,75.0,3
52365.0,38.0,5
51398.0,42.0,3
55012.0,54.0,3
48850.0,65.0,6
52682.0,-26.0,5
55799.0,-48.0,1
44149.0,-14.0,4
49229.0,-46.0,0
51680.0,-26.0,5
57681.0,58.0,4
52420.0,-5.0,3
46157.0,-8.0,1
48252.0,12.0,6
49830.0,34.0,3
52291.0,55.0,4
45836.0,30.0,3
51410.0,26.0,3
49241.0,-5.0,4
50884.0,-15.0,4
49924.0,70.0,4
51775.0,19.0,0
48133.0,8.0,5
50779.0,56.0,5
54487.0,43.0,5
54173.0,1.0,1
51819.0,3.0,6
48328.0,66.0,7
46228.0,36.0,1
41961.0,-24.0,2
57267.0,-21.0,2
54835.0,13.0,1
49244.0,46.0,4
54527.0,5.0,7
51234.0,5.0,3
52961.0,19.0,4
55932.0,21.0,7
56551.0,46.0,6
49085.0,27.0,3
54080.0,-3.0,4
46742.0,43.0,4
48509.0,21.0,3
45261.0,-25.0,0
39930.0,16.0,3
50535.0,23.0,2
50480.0,-11.0,4
48083.0,22.0,3
54179.0,30.0,6
48708.0,-10.0,6
48901.0,10.0,7
53044.0,65.0,2
46898.0,42.0,4
56179.0,24.0,1
48370.0,16.0,4
51874.0,-6.0,7
53634.0,31.0,0
44418.0,46.0,0
52108.0,-2.0,1
47320.0,-28.0,7
52672.0,24.0,2
52030.0,-12.0,5
50004.0,-32.0,1
46508.0,14.0,1
58339.0,41.0,3
47885.0,-29.0,4
58045.0,13.0,4
55781.0,22.0,1
50214.0,77.0,3
45519.0,15.0,6
42835.0,-16.0,6
52616.0,29.0,4
50783.0,26.0,7
47841.0,-2.0,4
53079.0,51.0,4
52750.0,60.0,4
53433.0,32.0,6
54912.0,43.0,7
58716.0,-10.0,7
57920.0,25.0,1
52296.0,-23.0,4
48852.0,-1.0,4
46940.0,60.0,6
54883.0,61.0,5
54750.0,-18.0,2
42358.0,34.0,1
47364.0,29.0,2
51835.0,-19.0,0
50422.0,19.0,2
53690.0,16.0,6
52073.0,-5.0,7
48719.0,6.0,7
52301.0,12.0,5
53058.0,13.0,4
47412.0,-20.0,7
52667.0,28.0,1
54869.0,22.0,0
41600.0,37.0,5
51526.0,107.0,4
48158.0,56.0,7
52571.0,-6.0,7
47472.0,17.0,7
43417.0,4.0,6
50617.0,-6.0,0
45996.0,75.0,0
51597.0,31.0,1
44839.0,59.0,7
55050.0,48.0,2
58699.0,34.0,6
45636.0,-34.0,1
37032.0,3.0,1
52958.0,32.0,7
45488.0,40.0,5
47308.0,18.0,4
46176.0,17.0,6
50963.0,0.0,7
48958.0,8.0,5
50075.0,43.0,7
51513.0,15.0,3
45120.0,81.0,4
53843.0,51.0,2
52634.0,70.0,0
56966.0,33.0,0
50663.0,69.0,4
54294.0,-14.0,3
51749.0,10.0,3
43562.0,-3.0,4
50675.0,-43.0,7
50950.0,43.0,4
54661.0,26.0,7
59495.0,31.0,2
42039.0,-2.0,7
48690.0,18.0,7
50770.0,48.0,6
42156.0,63.0,5
51280.0,-8.0,3
53824.0,1.0,0
47224.0,-11.0,5
53690.0,23.0,4
50355.0,-16.0,3
49630.0,-11.0,2
51601.0,17.0,6
51975.0,23.0,4
50861.0,15.0,5
53125.0,8.0,3
50836.0,9.0,6
50104.0,-8.0,4
50569.0,42.0,1
52645.0,35.0,7
46607.0,53.0,1
45144.0,-7.0,0
58855.0,-28.0,2
51696.0,0.0,3
49158.0,36.0,2
48936.0,56.0,0
45468.0,-20.0,4
49625.0,14.0,0
53210.0,6.0,5
49657.0,41.0,7
42275.0,20.0,0
53609.0,47.0,1
38145.0,52.0,5
49609.0,-6.0,6
53216.0,-6.0,0
50725.0,-7.0,4
42517.0,-4.0,6
45824.0,-9.0,2
52944.0,18.0,6
49782.0,26.0,1
50634.0,60.0,0
51808.0,1.0,4
54052.0,7.0,3
49239.0,44.0,7
49895.0,32.0,7
44530.0,50.0,5
50714.0,5.0,3
44803.0,1.0,1
47477.0,-9.0,6
47960.0,32.0,6
52536.0,39.0,7
46077.0,38.0,7
50414.0,58.0,1
51257.0,72.0,1
45246.0,31.0,7
53652.0,34.0,3
45994.0,84.0,3
51670.0,3.0,3
51213.0,2.0,5
46460.0,-22.0,3
49886.0,28.0,4
51161.0,-12.0,7
51872.0,36.0,7
57168.0,21.0,3
45266.0,41.0,3
51653.0,45.0,6
46999.0,36.0,5
55604.0,22.0,4
55191.0,23.0,3
48881.0,94.0,2
48715.0,1.0,2
50907.0,-8.0,3
47599.0,30.0,3
52707.0,5.0,5
54116.0,-12.0,3
47785.0,24.0,4
45363.0,1.0,2
44886.0,64.0,0
45848.0,2.0,0
51190.0,6.0,0
50052.0,-18.0,7
45681.0,16.0,1
40305.0,21.0,6
45357.0,-55.0,5
52413.0,37.0,7
49100.0,46.0,5
45950.0,16.0,6
49075.0,-23.0,1
46283.0,41.0,5
54079.0,38.0,2
49727.0,40.0,6
56768.0,30.0,7
52302.0,7.0,7
51367.0,11.0,6
42328.0,-21.0,7
47919.0,3.0,5
48163.0,4.0,5
48788.0,5.0,4
48737.0,-24.0,7
63725.0,35.0,3
50635.0,54.0,7
45867.0,10.0,3
45794.0,2.0,2
47898.0,8.0,1
49541.0,51.0,2
51252.0,-12.0,4
48561.0,-24.0,0
53377.0,37.0,7
44985.0,50.0,7
45375.0,-16.0,3
46002.0,63.0,3
48817.0,12.0,6
50982.0,-12.0,7
59461.0,-4.0,3
47170.0,22.0,3
56022.0,24.0,1
45335.0,-10.0,1
46152.0,2.0,5
41310.0,35.0,6
44424.0,28.0,5
46955.0,83.0,6
44995.0,28.0,6
46908.0,31.0,4
50549.0,10.0,3
51907.0,49.0,0
51624.0,37.0,7
49343.0,34.0,7
51632.0,15.0,4
46528.0,-24.0,3
58904.0,8.0,5
49107.0,-14.0,6
47656.0,-15.0,7
58165.0,23.0,7
46149.0,11.0,0
50215.0,-32.0,4
50527.0,20.0,0
50477.0,42.0,1
44469.0,37.0,2
44514.0,-47.0,7
55330.0,-44.0,6
51084.0,52.0,1
54427.0,50.0,0
51427.0,4.0,4
44226.0,41.0,0
59123.0,12.0,6
45062.0,34.0,3
58998.0,-34.0,2
48327.0,-18.0,7
48845.0,-45.0,1
45313.0,30.0,1
48225.0,63.0,7
54243.0,31.0,4
44849.0,44.0,0
43919.0,2.0,0
57365.0,34.0,2
51563.0,-8.0,0
45658.0,4.0,5
48637.0,-12.0,2
47692.0,8.0,5
52723.0,43.0,5
44401.0,51.0,6
50491.0,30.0,0
52108.0,-6.0,4
48302.0,-26.0,3
55484.0,103.0,2
52621.0,22.0,1
49241.0,63.0,6
58474.0,63.0,0
46246.0,-22.0,1
59803.0,2.0,1
45174.0,58.0,7
54558.0,-34.0,1
50766.0,32.0,7
47912.0,44.0,7
49256.0,39.0,6
46221.0,24.0,2
50731.0,14.0,0
51714.0,8.0,7
46958.0,38.0,4
51687.0,-40.0,5
51702.0,34.0,3
51575.0,51.0,3
38662.0,36.0,6
50828.0,47.0,5
44129.0,-7.0,3
50042.0,-5.0,5
43454.0,37.0,2
53299.0,36.0,1
48970.0,-0.0,1
51679.0,79.0,2
49427.0,29.0,4
48010.0,29.0,3
40975.0,7.0,7
42446.0,40.0,0
50393.0,5.0,5
55965.0,-8.0,0
50007.0,23.0,0
57516.0,-22.0,0
46214.0,43.0,3
53245.0,9.0,4
56171.0,27.0,3
52429.0,18.0,1
55903.0,-5.0,5
53224.0,-31.0,0
52303.0,70.0,6
49807.0,-3.0,3
49915.0,-15.0,6
46427.0,-3.0,1
44311.0,-36.0,0
45222.0,15.0,3
47797.0,67.0,0
50169.0,10.0,5
47487.0,9.0,0
47732.0,21.0,7
45959.0,5.0,6
48338.0,98.0,0
53207.0,-8.0,6
43435.0,10.0,4
49086.0,43.0,4
46435.0,8.0,2
47974.0,68.0,0
49751.0,50.0,5
57732.0,16.0,5
49318.0,85.0,5
54923.0,-20.0,3
47473.0,18.0,3
53856.0,-26.0,2
44614.0,-6.0,3
42498.0,-11.0,2
51349.0,45.0,2
47992.0,25.0,4
48806.0,32.0,2
47926.0,48.0,6
57405.0,-14.0,4
51898.0,-37.0,2
59398.0,34.0,4
51799.0,-4.0,2
50321.0,13.0,1
54370.0,29.0,4
55899.0,12.0,5
45215.0,91.0,3
50250.0,49.0,0
48949.0,12.0,5
57032.0,-1.0,2
41067.0,-14.0,7
40823.0,-7.0,7
46062.0,47.0,4
45132.0,46.0,6
51224.0,32.0,1
49834.0,-15.0,1
48751.0,14.0,1
51251.0,-46.0,2
49797.0,1.0,1
51513.0,10.0,3
49563.0,12.0,2
51555.0,19.0,4
52929.0,33.0,6
48954.0,-14.0,2
45136.0,-25.0,6
49720.0,44.0,4
49617.0,9.0,2
49627.0,23.0,6
47023.0,-6.0,0
50991.0,15.0,7
58943.0,26.0,7
44853.0,20.0,6
46558.0,-21.0,0
51313.0,57.0,1
56751.0,27.0,1
53043.0,21.0,2
46323.0,25.0,4
54225.0,18.0,1
47427.0,-31.0,2
55225.0,39.0,1
50290.0,-35.0,5
51268.0,-10.0,2
54426.0,45.0,7
42257.0,44.0,1
47369.0,39.0,4
49273.0,27.0,0
51222.0,34.0,4
55593.0,-5.0,0
44984.0,-18.0,3
42734.0,12.0,6
51832.0,13.0,4
55049.0,38.0,7
52656.0,18.0,4
44251.0,54.0,1
51748.0,11.0,2
46496.0,53.0,5
45546.0,-34.0,0
54568.0,12.0,3
59152.0,46.0,5
50345.0,-3.0,0
49030.0,-21.0,6
44497.0,-41.0,5
57235.0,-8.0,5
40821.0,34.0,0
42653.0,-2.0,0
59950.0,29.0,4
48800.0,12.0,3
49762.0,17.0,1
52288.0,65.0,2
50063.0,23.0,4
53281.0,29.0,7
51502.0,33.0,6
48460.0,-11.0,6
48138.0,15.0,2
47177.0,-8.0,6
49108.0,-51.0,5
48745.0,42.0,6
52846.0,47.0,0
44500.0,45.0,2
50687.0,-6.0,5
45332.0,-36.0,4
46696.0,65.0,2
50094.0,-4.0,4
54878.0,-20.0,6
55717.0,20.0,4
49666.0,8.0,6
48493.0,88.0,7
57982.0,39.0,4
52811.0,3.0,5
47293.0,60.0,2
55515.0,39.0,7
47153.0,-42.0,4
51357.0,-14.0,3
53204.0,40.0,4
46619.0,6.0,3
49098.0,71.0,1
52776.0,76.0,4
52415.0,29.0,4
44070.0,40.0,0
50659.0,61.0,3
55422.0,35.0,2
56266.0,33.0,1
49886.0,42.0,7
48355.0,21.0,4
49403.0,46.0,6
46406.0,44.0,5
58552.0,38.0,5
54868.0,-15.0,6
49974.0,23.0,1
53203.0,-12.0,7
51093.0,-10.0,1
44422.0,45.0,0
42810.0,39.0,4
50041.0,47.0,0
47620.0,15.0,2
48337.0,44.0,3
50084.0,40.0,0
49742.0,44.0,2
50130.0,-19.0,0
42243.0,-30.0,6
53006.0,24.0,3
47740.0,38.0,4
49841.0,-26.0,1
52536.0,17.0,4
50821.0,57.0,2
53272.0,-35.0,2
48663.0,52.0,3
45457.0,18.0,2
46884.0,38.0,2
50528.0,-21.0,2
52742.0,66.0,2
48253.0,30.0,3
52590.0,-20.0,1
53912.0,66.0,3
46282.0,22.0,7
54497.0,-5.0,7
48075.0,44.0,5
43546.0,77.0,1
53804.0,55.0,5
55050.0,33.0,4
43369.0,12.0,0
53089.0,50.0,6
48190.0,34.0,4
61256.0,-1.0,6
53751.0,44.0,1
47840.0,19.0,4
55577.0,-3.0,0
53080.0,52.0,0
51843.0,72.0,2
47698.0,-23.0,1
43749.0,50.0,1
53059.0,54.0,0
50275.0,69.0,7
51266.0,34.0,7
47259.0,28.0,1
48276.0,58.0,1
52033.0,26.0,6
50893.0,6.0,3
48720.0,75.0,5
50966.0,9.0,2
52810.0,18.0,1
53027.0,42.0,0
48924.0,11.0,4
50364.0,34.0,0
49590.0,46.0,6
53582.0,27.0,1
54482.0,68.0,6
50207.0,63.0,4
51944.0,40.0,7
49648.0,33.0,7
48371.0,19.0,1
48432.0,-46.0,3
44876.0,36.0,2
51055.0,16.0,1
53147.0,-5.0,4
58110.0,18.0,0
49599.0,55.0,0
46349.0,23.0,4
56299.0,55.0,3
55693.0,11.0,3
55227.0,-5.0,1
49729.0,2.0,1
48112.0,1.0,4
52490.0,50.0,7
54994.0,22.0,1
43670.0,25.0,0
48534.0,-29.0,1
51173.0,18.0,7
46395.0,57.0,3
43846.0,79.0,1
46992.0,32.0,5
51335.0,54.0,7
50308.0,37.0,0
47974.0,26.0,5
43002.0,44.0,1
51826.0,40.0,5
46964.0,50.0,2
52627.0,95.0,1
47537.0,85.0,1
51645.0,10.0,0
55180.0,30.0,6
49885.0,4.0,2
53586.0,83.0,2
52603.0,-4.0,4
44558.0,-2.0,4
55227.0,23.0,5
51003.0,29.0,3
50599.0,-9.0,1
48120.0,32.0,5
49636.0,62.0,0
46317.0,-4.0,1
49470.0,34.0,5
50585.0,-1.0,3
51556.0,44.0,4
57735.0,41.0,2
50794.0,35.0,6
45613.0,-1.0,3
46023.0,52.0,0
52980.0,44.0,7
44139.0,-1.0,0
41913.0,2.0,7
50135.0,48.0,1
55911.0,-19.0,1
52410.0,9.0,1
47959.0,11.0,2
48084.0,14.0,2
50985.0,-11.0,0
50141.0,44.0,6
52988.0,87.0,0
49832.0,41.0,3
50077.0,-20.0,3
43551.0,-12.0,1
45517.0,39.0,2
47492.0,-14.0,6
49512.0,65.0,6
53276.0,48.0,5
47583.0,-3.0,2
47135.0,91.0,2
49189.0,-5.0,1
51894.0,-7.0,0
52223.0,42.0,6
52832.0,48.0,2
46773.0,-18.0,6
54439.0,67.0,4
52742.0,48.0,6
45746.0,58.0,7
45469.0,40.0,0
45319.0,61.0,6
53879.0,-6.0,5
53884.0,-8.0,1
53258.0,34.0,5
48258.0,-29.0,2
50221.0,31.0,2
58199.0,-26.0,5
55671.0,54.0,0
37972.0,108.0,1
50722.0,0.0,2
50959.0,21.0,0
55496.0,38.0,7
46150.0,18.0,0
51776.0,28.0,2
50894.0,-1.0,5
48053.0,28.0,2
49113.0,-36.0,5
47129.0,24.0,4
57185.0,13.0,5
54760.0,42.0,6
45311.0,54.0,5
56356.0,40.0,7
46737.0,-5.0,3
53975.0,-22.0,6
50065.0,13.0,1
53068.0,3.0,7
45314.0,19.0,3
51049.0,50.0,2
50414.0,-16.0,4
49257.0,-17.0,5
54252.0,51.0,7
56177.0,73.0,7
44638.0,27.0,0
46686.0,17.0,6
45480.0,28.0,7
45661.0,86.0,3
51157.0,33.0,7
52651.0,56.0,6
46879.0,37.0,2
47310.0,-19.0,7
55064.0,46.0,7
48672.0,9.0,7
53911.0,-30.0,1
51240.0,-22.0,1
48431.0,51.0,5
51484.0,22.0,1
53513.0,20.0,1
52695.0,6.0,3
58559.0,39.0,5
56617.0,36.0,6
51790.0,45.0,1
50837.0,-45.0,0
49296.0,33.0,4
47083.0,1.0,6
48343.0,-13.0,1
45934.0,34.0,6
43675.0,23.0,1
45848.0,32.0,5
51878.0,16.0,1
53709.0,54.0,6
58814.0,-31.0,3
45941.0,15.0,2
44821.0,51.0,4
45437.0,47.0,7
56212.0,18.0,1
45713.0,67.0,2
48171.0,-11.0,6
45215.0,-8.0,6
50088.0,74.0,2
49421.0,11.0,4
47376.0,40.0,2
51173.0,59.0,2
52993.0,42.0,6
41166.0,51.0,4
48140.0,26.0,7
56044.0,20.0,4
49018.0,81.0,5
52696.0,-10.0,2
47182.0,11.0,7
48440.0,6.0,4
53366.0,10.0,5
49380.0,29.0,5
52881.0,1.0,7
46640.0,34.0,0
53331.0,26.0,0
45276.0,-16.0,7
51010.0,-15.0,0
51899.0,-7.0,2
48488.0,10.0,0
43208.0,-3.0,1
51896.0,32.0,0
60381.0,1.0,3
48391.0,-17.0,4
38637.0,-63.0,5
49533.0,25.0,0
51109.0,4.0,5
53531.0,10.0,4
52749.0,30.0,6
46480.0,0.0,1
49566.0,39.0,7
50670.0,-13.0,7
47158.0,19.0,2
52209.0,37.0,2
52190.0,-7.0,3
45252.0,-10.0,7
51008.0,5.0,5
54858.0,-31.0,6
44837.0,50.0,2
53415.0,-0.0,4
48098.0,-14.0,1
54580.0,6.0,3
45177.0,47.0,7
53207.0,30.0,6
48365.0,58.0,5
51052.0,13.0,4
47917.0,22.0,0
51171.0,51.0,7
41649.0,-17.0,7
50947.0,15.0,0
50325.0,-28.0,1
51830.0,2.0,7
45241.0,50.0,1
48522.0,29.0,1
52055.0,23.0,6
57008.0,75.0,5
48210.0,37.0,2
48771.0,-45.0,2
53561.0,-5.0,4
50557.0,29.0,7
44771.0,-3.0,2
48124.0,8.0,3
53388.0,43.0,6
56850.0,32.0,2
51752.0,-9.0,6
49687.0,3.0,6
50091.0,47.0,5
50098.0,17.0,4
54814.0,13.0,0
48354.0,13.0,2
53356.0,47.0,1
47451.0,17.0,7
52242.0,70.0,2
53132.0,-49.0,7
48031.0,-31.0,0
47177.0,49.0,0
44798.0,3.0,6
51753.0,102.0,5
53316.0,25.0,7
42923.0,-20.0,0
50027.0,-18.0,7
49547.0,52.0,5
50533.0,20.0,5
51334.0,54.0,6
50969.0,-13.0,7
50915.0,50.0,5
51586.0,11.0,4
51650.0,29.0,1
43159.0,20.0,4
48975.0,21.0,4
53178.0,22.0,4
51594.0,11.0,4
46236.0,51.0,7
56410.0,-17.0,7
45774.0,40.0,0
53443.0,16.0,0
51897.0,22.0,3
50907.0,-13.0,2
52766.0,32.0,6
48071.0,54.0,6
48561.0,19.0,6
47480.0,-9.0,4
41329.0,64.0,1
50510.0,35.0,6
50334.0,12.0,6
49538.0,-28.0,4
57572.0,-19.0,4
50536.0,2.0,0
41596.0,35.0,5
56040.0,48.0,7
55617.0,-4.0,5
56502.0,41.0,5
46291.0,43.0,2
51822.0,22.0,3
44956.0,11.0,2
53140.0,23.0,2
50040.0,50.0,6
51599.0,-19.0,1
49832.0,51.0,0
51664.0,-2.0,2
49469.0,32.0,2
47009.0,19.0,2
47419.0,68.0,6
51194.0,14.0,1
50116.0,36.0,2
48155.0,18.0,2
54048.0,24.0,4
49480.0,38.0,6
52481.0,37.0,4
53635.0,-52.0,0
43574.0,24.0,1
47137.0,71.0,7
48333.0,36.0,5
51503.0,-35.0,0
55990.0,25.0,2
50652.0,36.0,1
44515.0,78.0,2
52202.0,5.0,6
52884.0,27.0,5
48843.0,-48.0,4
54936.0,51.0,2
41741.0,94.0,7
45017.0,17.0,7
53714.0,11.0,0
39597.0,68.0,6
49828.0,-4.0,1
51968.0,60.0,0
54288.0,11.0,2
56683.0,37.0,1
53744.0,35.0,6
45196.0,74.0,3
46128.0,24.0,1
56364.0,-19.0,0
47382.0,23.0,5
41653.0,43.0,4
52362.0,47.0,6
51124.0,39.0,6
49516.0,45.0,5
54315.0,12.0,3
50749.0,45.0,6
39017.0,-33.0,6
53495.0,86.0,0
55311.0,24.0,4
44109.0,13.0,4
45871.0,-19.0,7
49995.0,46.0,3
49002.0,10.0,3
41223.0,79.0,1
46099.0,64.0,0
42007.0,-39.0,3
51013.0,5.0,6
49095.0,36.0,2
51495.0,57.0,3
43572.0,21.0,5
50465.0,15.0,7
60110.0,64.0,4
55049.0,49.0,4
51720.0,-2.0,6
45704.0,-19.0,2
44058.0,10.0,0
46622.0,-43.0,3
44306.0,-28.0,3
47543.0,-35.0,4
46509.0,31.0,0
51882.0,30.0,4
46795.0,-0.0,0
60091.0,-21.0,7
47998.0,18.0,7
49186.0,38.0,6
50430.0,13.0,1
43789.0,48.0,5
47742.0,25.0,2
50526.0,21.0,6
54067.0,-13.0,3
48087.0,40.0,7
59233.0,-26.0,7
57870.0,43.0,5
41172.0,42.0,5
43812.0,80.0,5
50443.0,52.0,6
56810.0,44.0,7
47549.0,-18.0,6
52081.0,31.0,2
53610.0,18.0,5
50781.0,8.0,5
53350.0,31.0,4
55394.0,45.0,1
43759.0,43.0,6
48458.0,40.0,6
47855.0,24.0,5
49021.0,32.0,4
46451.0,29.0,2
52232.0,35.0,3
47746.0,-1.0,5
49131.0,32.0,5
44045.0,-1.0,4
49624.0,27.0,5
55769.0,-49.0,2
49877.0,53.0,3
48963.0,-25.0,3
47063.0,43.0,0
47999.0,-14.0,2
46195.0,-7.0,1
44745.0,18.0,3
53370.0,-10.0,1
52982.0,8.0,0
46946.0,39.0,5
52417.0,48.0,0
54258.0,47.0,4
49596.0,57.0,1
50352.0,-12.0,0
50913.0,61.0,2
48385.0,19.0,5
45069.0,-23.0,3
53305.0,16.0,0
47723.0,4.0,4
46559.0,39.0,7
49437.0,15.0,0
45887.0,1.0,6
51538.0,9.0,5
49484.0,1.0,6
52026.0,-14.0,7
52454.0,27.0,4
55072.0,-7.0,3
45269.0,33.0,4
52249.0,71.0,3
49967.0,-33.0,7
49232.0,-1.0,1
52517.0,58.0,3
49121.0,1.0,4
52459.0,10.0,5
49358.0,12.0,6
46650.0,58.0,4
47664.0,51.0,5
50040.0,51.0,7
52387.0,-10.0,6
51021.0,1.0,7
57977.0,-19.0,6
56161.0,54.0,4
53422.0,19.0,5
49480.0,18.0,0
52093.0,26.0,6
41121.0,14.0,1
48970.0,28.0,4
51464.0,29.0,4
51369.0,-79.0,6
45680.0,28.0,3
48728.0,-7.0,2
56384.0,37.0,4
47982.0,12.0,6
52445.0,38.0,4
48911.0,12.0,7
48396.0,41.0,3
51313.0,22.0,1
54168.0,32.0,2
45818.0,-11.0,2
55163.0,22.0,3
49664.0,33.0,2
45135.0,25.0,5
49743.0,25.0,2
50500.0,-5.0,3
50552.0,27.0,4
48841.0,50.0,5
51558.0,11.0,3
48021.0,17.0,7
55331.0,-2.0,7
51520.0,23.0,3
53601.0,55.0,2
48312.0,74.0,7
49596.0,92.0,3
44830.0,20.0,3
51005.0,43.0,2
52916.0,-15.0,6
43963.0,-10.0,6
41274.0,13.0,5
49349.0,51.0,0
46738.0,-16.0,5
54553.0,24.0,3
42756.0,13.0,7
47378.0,5.0,0
54776.0,28.0,7
46428.0,-7.0,6
48127.0,31.0,1
50139.0,6.0,7
54901.0,-25.0,6
47457.0,66.0,4
46619.0,41.0,3
56077.0,45.0,0
51175.0,1.0,3
48342.0,-31.0,7
47328.0,18.0,5
53998.0,21.0,2
50395.0,-33.0,5
58157.0,36.0,0
52063.0,19.0,3
49843.0,27.0,0
51989.0,52.0,2
48708.0,3.0,5
45690.0,16.0,7
50040.0,4.0,3
50578.0,17.0,5
48395.0,-43.0,2
49216.0,29.0,4
54248.0,-32.0,6
52052.0,1.0,3
49888.0,33.0,7
52070.0,-25.0,2
38610.0,59.0,7
42385.0,-20.0,7
46131.0,18.0,7
51609.0,-3.0,6
47375.0,-26.0,4
41400.0,-21.0,5
51320.0,19.0,3
51529.0,27.0,2
55017.0,63.0,6
51969.0,-24.0,4
51193.0,-18.0,2
46426.0,-10.0,2
45821.0,24.0,7
47182.0,57.0,2
52421.0,-2.0,2
50777.0,-12.0,1
45515.0,20.0,0
52423.0,-15.0,2
54967.0,30.0,0
49469.0,68.0,0
49449.0,26.0,7
50028.0,-6.0,4
53511.0,-6.0,5
49438.0,59.0,1
47526.0,26.0,2
48037.0,28.0,3
48699.0,19.0,0
55286.0,47.0,5
55395.0,9.0,7
43778.0,-46.0,0
57115.0,28.0,0
49453.0,-0.0,3
48728.0,-18.0,0
46730.0,26.0,1
47055.0,-12.0,4
47411.0,26.0,6
55152.0,6.0,2
55552.0,-8.0,6
50845.0,66.0,3
49351.0,5.0,0
51132.0,28.0,5
52027.0,36.0,6
48881.0,1.0,6
51552.0,48.0,0
47169.0,28.0,1
46199.0,57.0,5
48172.0,-6.0,3
53030.0,35.0,7
46379.0,1.0,1
44179.0,24.0,2
58285.0,49.0,1
54784.0,16.0,1
50045.0,4.0,6
45161.0,3.0,7
47343.0,48.0,3
45007.0,-3.0,7
51622.0,22.0,2
50232.0,38.0,2
53251.0,-11.0,3
56099.0,46.0,2
47298.0,61.0,0
54584.0,-11.0,1
47666.0,15.0,0
52880.0,-0.0,5
49981.0,12.0,0
43481.0,25.0,0
50112.0,14.0,7
46525.0,-33.0,6
49939.0,16.0,4
54900.0,15.0,2
54197.0,-7.0,4
49970.0,15.0,6
55760.0,-19.0,4
43189.0,7.0,5
54203.0,16.0,7
61731.0,26.0,7
48358.0,1.0,4
48099.0,48.0,1
49533.0,24.0,5
51996.0,10.0,3
45108.0,38.0,1
44369.0,56.0,2
54031.0,15.0,5
52656.0,80.0,6
45839.0,40.0,7
57263.0,15.0,0
53321.0,7.0,2
44792.0,18.0,1
51054.0,14.0,1
56268.0,69.0,7
50649.0,6.0,7
52122.0,11.0,2
51243.0,28.0,2
48453.0,-49.0,7
47337.0,-7.0,1
54687.0,-18.0,3
46880.0,124.0,4
48426.0,13.0,0
49228.0,57.0,6
48120.0,17.0,5
50547.0,26.0,3
53968.0,59.0,2
50407.0,30.0,1
52219.0,0.0,4
47638.0,14.0,1
54052.0,56.0,4
52826.0,-21.0,6
39074.0,74.0,6
54472.0,-15.0,2
50995.0,10.0,4
47173.0,7.0,1
48430.0,-17.0,7
53082.0,16.0,1
49446.0,14.0,5
50610.0,93.0,7
53940.0,30.0,5
51626.0,12.0,7
40489.0,32.0,0
43798.0,20.0,7
48441.0,20.0,0
49283.0,-9.0,4
55471.0,39.0,7
55693.0,14.0,1
55554.0,-7.0,2
42659.0,16.0,7
44430.0,81.0,3
43438.0,40.0,3
53684.0,-14.0,6
48643.0,5.0,1
49056.0,-26.0,1
51462.0,17.0,5
43924.0,77.0,6
52407.0,23.0,2
44980.0,-30.0,3
51812.0,-46.0,3
52407.0,6.0,4
45068.0,-5.0,2
48091.0,50.0,2
54632.0,53.0,1
47621.0,42.0,0
43604.0,24.0,2
47734.0,65.0,0
48226.0,17.0,3
54669.0,19.0,7
51864.0,83.0,3
48834.0,54.0,4
49166.0,-1.0,4
43326.0,-27.0,2
54911.0,-11.0,0
49443.0,38.0,7
46248.0,48.0,5
51540.0,41.0,3
55639.0,57.0,7
44886.0,52.0,6
50544.0,27.0,0
49630.0,51.0,3
55533.0,34.0,1
52585.0,-23.0,1
53162.0,35.0,6
57380.0,60.0,4
42910.0,4.0,6
56966.0,48.0,7
46319.0,16.0,0
55615.0,57.0,2
53492.0,-13.0,0
38836.0,-34.0,2
48994.0,68.0,3
44036.0,1.0,0
55680.0,-7.0,7
52324.0,-5.0,1
50226.0,-1.0,7
52911.0,30.0,2
44398.0,-20.0,5
49763.0,-2.0,7
49064.0,44.0,2
48855.0,53.0,5
49781.0,-11.0,0
54662.0,38.0,7
47170.0,-28.0,4
47438.0,64.0,5
55412.0,22.0,7
54479.0,11.0,4
46085.0,22.0,3
48731.0,-13.0,1
48287.0,112.0,7
43719.0,48.0,7
53147.0,8.0,5
41354.0,8.0,0
42535.0,25.0,1
47322.0,-4.0,3
44796.0,59.0,4
55040.0,-7.0,4
43831.0,20.0,3
57212.0,18.0,6
47329.0,49.0,6
47331.0,15.0,5
47234.0,-28.0,4
44799.0,66.0,7
50527.0,-48.0,6
48425.0,36.0,4
50909.0,-11.0,3
43385.0,4.0,4
48623.0,19.0,7
55619.0,60.0,0
60249.0,9.0,2
50266.0,49.0,3
50568.0,29.0,5
52194.0,19.0,4
55668.0,-21.0,4
52909.0,9.0,3
47994.0,56.0,2
52323.0,40.0,0
49450.0,11.0,1
44359.0,-17.0,7
50954.0,-28.0,2
54750.0,38.0,4
50786.0,36.0,2
46361.0,65.0,4
53284.0,-9.0,5
47170.0,19.0,7
51626.0,49.0,7
46574.0,6.0,3
49358.0,-11.0,0
52659.0,29.0,1
48861.0,24.0,3
47536.0,-2.0,7
49653.0,26.0,3
50203.0,-19.0,1
51244.0,35.0,4
51346.0,37.0,3
41665.0,-18.0,1
51548.0,50.0,4
51598.0,31.0,3
48720.0,62.0,2
50377.0,22.0,2
50255.0,10.0,5
47562.0,59.0,6
47200.0,9.0,3
48448.0,23.0,5
48513.0,16.0,1
46569.0,24.0,0
48214.0,9.0,7
48038.0,12.0,2
48103.0,-59.0,6
45127.0,-4.0,1
50631.0,79.0,0
49570.0,-8.0,7
52739.0,34.0,1
47048.0,42.0,1
44167.0,30.0,7
51351.0,66.0,3
53788.0,-14.0,1
55781.0,40.0,0
45753.0,66.0,5
51456.0,-20.0,5
51080.0,22.0,4
49692.0,32.0,3
49925.0,28.0,6
49805.0,46.0,0
54267.0,86.0,6
45749.0,57.0,0
48352.0,38.0,4
46834.0,59.0,2
43464.0,22.0,4
45110.0,69.0,1
52622.0,28.0,5
44391.0,32.0,0
48412.0,79.0,0
51040.0,-49.0,6
44829.0,47.0,5
47826.0,13.0,3
47957.0,43.0,5
45073.0,11.0,7
49639.0,35.0,6
50482.0,84.0,4
42413.0,15.0,1
45345.0,-27.0,1
50366.0,39.0,5
50668.0,5.0,4
53482.0,31.0,3
53294.0,34.0,7
50137.0,-38.0,7
51801.0,65.0,6
47398.0,-18.0,3
49804.0,32.0,0
49068.0,22.0,0
53136.0,21.0,4
50165.0,12.0,5
54895.0,23.0,0
50300.0,68.0,7
49251.0,32.0,1
42356.0,20.0,6
49662.0,24.0,7
52531.0,5.0,2
55135.0,40.0,4
54677.0,51.0,6
49584.0,-24.0,3
42446.0,38.0,7
50138.0,43.0,1
44118.0,79.0,2
51598.0,6.0,6
48221.0,18.0,7
43548.0,-14.0,7
52801.0,7.0,2
52659.0,26.0,1
53835.0,-11.0,2
51599.0,45.0,7
46151.0,-5.0,2
44619.0,-13.0,2
51771.0,13.0,1
50492.0,41.0,1
46711.0,71.0,4
50384.0,47.0,0
44122.0,-18.0,1
55811.0,38.0,3
47202.0,61.0,7
44656.0,-5.0,7
49968.0,-18.0,4
49785.0,37.0,6
50817.0,33.0,5
51132.0,3.0,3
50641.0,18.0,2
54204.0,35.0,5
50050.0,44.0,6
50025.0,-5.0,2
55001.0,-9.0,6
57030.0,54.0,0
54127.0,24.0,7
47055.0,54.0,6
45382.0,60.0,3
56952.0,34.0,3
47428.0,50.0,6
49537.0,26.0,7
49724.0,38.0,0
44345.0,12.0,0
52817.0,4.0,0
48997.0,33.0,6
57908.0,44.0,5
47280.0,-24.0,6
49239.0,27.0,1
46715.0,18.0,7
54582.0,-3.0,0
48298.0,-23.0,7
50265.0,6.0,5
44275.0,55.0,7
49904.0,17.0,7
53723.0,-14.0,3
53160.0,-1.0,5
53920.0,-26.0,0
49489.0,31.0,7
49246.0,19.0,1
38341.0,37.0,3
55452.0,28.0,0
53673.0,42.0,6
46633.0,-8.0,4
46776.0,12.0,4
46285.0,34.0,1
51948.0,37.0,0
56047.0,26.0,6
56708.0,25.0,3
47600.0,53.0,0
49502.0,3.0,3
48795.0,24.0,6
48592.0,10.0,6
51740.0,17.0,3
55126.0,17.0,6
41813.0,96.0,1
45220.0,-22.0,7
54654.0,70.0,3
54645.0,-20.0,1
46760.0,-42.0,0
51025.0,16.0,3
44780.0,13.0,0
50415.0,52.0,1
50261.0,-20.0,4
49822.0,-18.0,4
47493.0,-13.0,3
51485.0,39.0,6
45541.0,1.0,5
56907.0,-4.0,3
47089.0,9.0,0
49254.0,93.0,1
52321.0,40.0,4
52102.0,66.0,3
47886.0,0.0,3
46634.0,47.0,6
45698.0,48.0,2
45334.0,-34.0,6
45388.0,30.0,0
51944.0,45.0,2
41184.0,21.0,0
56456.0,22.0,3
49896.0,129.0,6
49683.0,-7.0,5
49612.0,37.0,5
43374.0,70.0,1
48556.0,56.0,4
47554.0,57.0,6
52638.0,-3.0,5
47488.0,-6.0,2
47925.0,38.0,4
53873.0,15.0,2
46515.0,-6.0,6
52616.0,3.0,1
49697.0,53.0,1
51647.0,-11.0,0
55769.0,15.0,0
54067.0,-6.0,0
48131.0,-21.0,7
46778.0,-19.0,2
51551.0,1.0,4
47837.0,3.0,0
54097.0,-4.0,3
49187.0,27.0,1
56362.0,35.0,3
56078.0,25.0,1
57030.0,4.0,2
46191.0,14.0,2
49128.0,-5.0,5
42081.0,48.0,5
48718.0,2.0,3
48860.0,20.0,4
45034.0,-23.0,4
51589.0,52.0,0
40108.0,43.0,2
55964.0,42.0,2
49724.0,13.0,3
46183.0,-22.0,7
50917.0,-6.0,4
46912.0,27.0,1
48338.0,38.0,6
45829.0,29.0,2
51529.0,46.0,3
47794.0,13.0,3
52245.0,24.0,1
45518.0,7.0,6
57688.0,57.0,3
55255.0,31.0,6
55201.0,-17.0,1
50069.0,6.0,2
56618.0,-19.0,2
46909.0,-26.0,5
47904.0,66.0,2
51571.0,-20.0,1
61288.0,-23.0,3
51608.0,41.0,4
49924.0,39.0,0
50056.0,21.0,7
43680.0,2.0,6
46894.0,-0.0,7
47679.0,61.0,4
53760.0,29.0,3
52440.0,59.0,0
54512.0,-16.0,3
48859.0,42.0,0
49181.0,-18.0,6
51973.0,14.0,1
48874.0,26.0,7
48879.0,-23.0,2
54658.0,1.0,7
46620.0,18.0,4
44341.0,-30.0,3
48095.0,61.0,3
54056.0,-11.0,4
50314.0,-8.0,1
57623.0,-25.0,7
50077.0,41.0,6
56468.0,15.0,3
44377.0,28.0,7
49262.0,51.0,7
53089.0,22.0,4
55915.0,-13.0,5
51456.0,55.0,1
46849.0,12.0,7
47147.0,37.0,3
46096.0,67.0,1
47401.0,15.0,6
46797.0,52.0,4
49914.0,6.0,4
48529.0,-5.0,3
45392.0,33.0,6
50645.0,-26.0,2
53318.0,64.0,6
57491.0,44.0,6
50144.0,12.0,1
58825.0,79.0,6
51096.0,57.0,5
52785.0,88.0,4
50877.0,43.0,3
51105.0,15.0,3
53704.0,16.0,6
45457.0,-15.0,6
46112.0,26.0,1
46048.0,6.0,2
49404.0,31.0,2
46559.0,-23.0,7
45151.0,42.0,4
55010.0,17.0,6
46826.0,-19.0,3
46914.0,-19.0,1
53781.0,28.0,7
42850.0,43.0,4
46743.0,40.0,0
53521.0,45.0,5
50241.0,43.0,7
53235.0,-26.0,6
47911.0,35.0,2
51157.0,-24.0,7
42540.0,59.0,4
46116.0,79.0,4
57517.0,71.0,5
56690.0,11.0,4
51298.0,-5.0,1
49383.0,47.0,6
54522.0,41.0,2
53520.0,4.0,3
43299.0,-1.0,5
47122.0,76.0,1
48199.0,1.0,3
46221.0,39.0,7
53500.0,70.0,5
43640.0,-26.0,4
43539.0,8.0,6
52017.0,65.0,7
43291.0,-3.0,3
49404.0,35.0,2
52858.0,19.0,0
52373.0,-29.0,1
49762.0,32.0,4
57048.0,20.0,5
46800.0,45.0,1
55142.0,-19.0,6
53262.0,1.0,2
51346.0,9.0,6
47683.0,-21.0,4
54304.0,21.0,2
52077.0,68.0,6
50491.0,40.0,0
58321.0,37.0,1
46062.0,49.0,0
50067.0,-27.0,3
53195.0,15.0,5
50134.0,23.0,5
55460.0,25.0,0
51704.0,-18.0,7
44161.0,53.0,7
45271.0,30.0,5
49027.0,28.0,2
55261.0,-21.0,2
47852.0,-16.0,2
59159.0,25.0,7
49090.0,51.0,6
54896.0,-28.0,5
53364.0,73.0,1
49719.0,26.0,1
52485.0,47.0,5
43685.0,-11.0,2
50830.0,10.0,5
56980.0,36.0,6
49022.0,104.0,1
45555.0,66.0,6
44809.0,13.0,4
51098.0,5.0,6
51093.0,27.0,0
53307.0,39.0,4
54365.0,30.0,1
56223.0,30.0,1
44166.0,13.0,1
51882.0,-15.0,1
47062.0,9.0,3
52868.0,69.0,4
48373.0,27.0,1
44529.0,79.0,2
50925.0,-6.0,7
54764.0,37.0,4
50935.0,54.0,0
54507.0,25.0,0
49204.0,36.0,2
50770.0,36.0,3
44792.0,-8.0,7
56206.0,4.0,3
55256.0,37.0,1
49874.0,74.0,0
47443.0,-31.0,4
56144.0,18.0,5
53697.0,28.0,6
47301.0,-2.0,3
42757.0,31.0,7
47509.0,20.0,0
47908.0,39.0,4
51049.0,-27.0,2
46915.0,39.0,6
51552.0,7.0,6
48384.0,53.0,0
50608.0,37.0,5
54730.0,13.0,2
53833.0,66.0,4
50509.0,28.0,5
54447.0,14.0,2
47983.0,17.0,5
49899.0,-25.0,0
50374.0,8.0,4
44778.0,-36.0,7
51187.0,55.0,7
49886.0,30.0,5
52633.0,3.0,7
49021.0,8.0,0
50504.0,15.0,7
38915.0,13.0,7
43350.0,-28.0,6
53795.0,14.0,0
52401.0,39.0,2
45491.0,30.0,4
48927.0,50.0,0
45198.0,12.0,0
58533.0,24.0,4
47128.0,25.0,2
47451.0,-36.0,7
48975.0,1.0,3
49781.0,-0.0,0
50550.0,35.0,7
48441.0,37.0,6
47372.0,54.0,5
48111.0,-18.0,7
54678.0,61.0,6
47529.0,37.0,5
51718.0,34.0,1
45795.0,17.0,5
44128.0,30.0,4
54853.0,-33.0,0
49986.0,55.0,7
50663.0,6.0,2
47943.0,12.0,7
52456.0,44.0,7
47134.0,43.0,2
55714.0,15.0,5
51724.0,42.0,7
45234.0,18.0,4
51585.0,-4.0,6
48374.0,40.0,3
49287.0,46.0,1
47941.0,-2.0,3
51165.0,42.0,0
48103.0,56.0,6
42276.0,101.0,6
54121.0,17.0,4
47694.0,20.0,6
54846.0,43.0,5
56091.0,-25.0,5
56626.0,-2.0,4
51022.0,59.0,6
51504.0,-52.0,7
53839.0,92.0,2
53987.0,54.0,7
50580.0,62.0,7
54526.0,10.0,1
46135.0,-27.0,3
47223.0,3.0,7
47913.0,2.0,0
